,True_3TC,True_ABC,True_AZT,True_D4T,True_DDI,True_TDF,Pred_Proba_3TC,Pred_Proba_ABC,Pred_Proba_AZT,Pred_Proba_D4T,Pred_Proba_DDI,Pred_Proba_TDF
0,1.0,1.0,0.0,1.0,1.0,0.0,0.9871863367867373,0.9979717322935094,0.6705007339878866,0.8825027952548986,0.9359783183030973,0.16994131598453882
1,1.0,1.0,1.0,0.0,1.0,0.0,0.983015314369136,0.9982731973302552,0.739896521589352,0.7716307831851642,0.791462520502481,0.16034823037391374
2,0.0,0.0,0.0,0.0,0.0,0.0,0.025534890461853955,0.025798059213224783,0.012545271296554058,0.03493869983547027,0.11715802132868976,0.02045398138289829
3,1.0,1.0,1.0,1.0,1.0,1.0,0.8354980395475597,0.9725833892616942,0.9671999499991324,0.9649302805298317,0.8760464443437737,0.9249482637806158
4,1.0,1.0,1.0,1.0,1.0,1.0,0.9957555407509183,0.9989485556458924,0.9644310862225814,0.9767496174472524,0.9488567325517043,0.24580711040290862
5,1.0,1.0,1.0,1.0,1.0,0.0,0.9894534112489939,0.9925245212092026,0.9448104475639864,0.9043920672417719,0.949108191835436,0.3240878725338014
6,1.0,1.0,1.0,1.0,1.0,0.0,0.9871316096304753,0.9984041020631548,0.7801968797694964,0.8591063748555107,0.91873059439359,0.3592193531803614
7,1.0,1.0,1.0,1.0,1.0,0.0,0.9910399005668025,0.9987731183651368,0.8720229705850895,0.9116467646255705,0.9832706466311746,0.21568725736932456
8,0.0,0.0,0.0,0.0,0.0,0.0,0.026602228796225397,0.022590292783100253,0.011433796923673724,0.027844641009650367,0.06417193267002103,0.019855543590446667
9,1.0,1.0,1.0,1.0,1.0,1.0,0.2682001505819434,0.5159005403544933,0.7453229885931436,0.6771516368105511,0.571356211743347,0.6032738916137805
10,1.0,1.0,1.0,1.0,1.0,1.0,0.970038549220196,0.9900451928505009,0.9210045505220981,0.9240784715703121,0.9804177390076982,0.711749972720791
11,0.0,1.0,1.0,1.0,1.0,1.0,0.675877157501908,0.9510990713218697,0.9728271912680924,0.9801156033282404,0.9013441586063744,0.9684972876580584
12,1.0,1.0,1.0,0.0,0.0,1.0,0.9826999245155834,0.9970356586388861,0.5257891484997292,0.25213533477238903,0.6761375131544974,0.10908963740949196
13,1.0,1.0,1.0,1.0,1.0,0.0,0.9893866123159474,0.9989508242822915,0.9236919439400818,0.9736993594135191,0.9575935118873831,0.7508069553124895
14,1.0,1.0,1.0,1.0,1.0,1.0,0.995095213630393,0.9988870498114678,0.9359712736598147,0.857451982316203,0.8970529057632749,0.75874639805569
15,0.0,0.0,0.0,0.0,0.0,0.0,0.025790486857859927,0.01769866040683963,0.021287045069992825,0.06343744138194997,0.16353286678733647,0.05684595873874119
16,1.0,1.0,0.0,1.0,1.0,0.0,0.9891136164329692,0.9986143240923128,0.9494828629743874,0.9675559496661941,0.9455012327175676,0.6703346951398945
17,1.0,1.0,1.0,1.0,1.0,1.0,0.9933088299150244,0.9989424716546987,0.947596607123725,0.9476435121213991,0.9271761647882509,0.439796246014504
18,1.0,0.0,0.0,0.0,0.0,0.0,0.7618645393501798,0.4431741442502809,0.008570837320634744,0.024791994336911784,0.3971781250033311,0.015121281729880648
19,0.0,0.0,0.0,0.0,0.0,0.0,0.023171570677698428,0.010902595023313862,0.009446666557534183,0.023681643953990132,0.05802626151598188,0.0186657714804127
20,1.0,0.0,0.0,0.0,0.0,0.0,0.9765977217026515,0.9630752980751026,0.0178804623483004,0.028194103169707628,0.6584148252578107,0.019256350026259014
21,0.0,0.0,1.0,0.0,0.0,1.0,0.0968322335011853,0.22446177264848896,0.6672978395666695,0.38141351287966324,0.12340741741218972,0.4800259670244377
22,0.0,0.0,0.0,0.0,0.0,0.0,0.028404421640413395,0.025464670508721945,0.011970442009261215,0.02875490552476502,0.07844374106476447,0.019927360312810193
23,1.0,1.0,1.0,1.0,1.0,0.0,0.9826639024539515,0.9949523445381677,0.6737750492693769,0.809247011527959,0.8984922060866065,0.34720321098264206
24,1.0,1.0,1.0,1.0,1.0,0.0,0.9847255715108887,0.9976585672626832,0.8584488374675935,0.917491912090429,0.9852377322801272,0.4390005428451724
25,0.0,0.0,0.0,0.0,0.0,0.0,0.031283236459256736,0.030607388523456885,0.01804864368702104,0.02629526234450338,0.06285949973378613,0.04014761118989831
26,1.0,1.0,1.0,1.0,1.0,0.0,0.9955196163986265,0.9985676119712079,0.9230503553367263,0.9686596824048817,0.9830300755093336,0.17636653140819497
27,0.0,0.0,0.0,0.0,0.0,0.0,0.045731352261396685,0.09957374706016714,0.10026023449289287,0.07335067213558456,0.10760980273038524,0.11085190933286929
28,0.0,1.0,1.0,1.0,0.0,0.0,0.13124660134982563,0.6038812593933385,0.7771600478657369,0.6758745872261993,0.2256922057645002,0.4561556880168975
29,1.0,1.0,1.0,1.0,1.0,1.0,0.9922127606066532,0.9988306100954973,0.9619190618630746,0.9751088356478007,0.9366592257430444,0.6537054994665779
30,0.0,0.0,0.0,0.0,0.0,0.0,0.02621359301231439,0.017072333190632352,0.012573657483509328,0.026732770753930702,0.061623539492158305,0.020773825263670165
31,1.0,1.0,1.0,1.0,1.0,0.0,0.990982748975887,0.9987244822825543,0.9455186723595755,0.8535518326674795,0.8819237466524393,0.18585383402388148
32,1.0,1.0,1.0,1.0,1.0,1.0,0.9945581476241774,0.999302135130125,0.9504011334728335,0.9708340953624768,0.943123268555442,0.5309994657961981
33,0.0,0.0,0.0,0.0,0.0,0.0,0.016753625169415372,0.012488282793438272,0.008290803136525424,0.02689381365873824,0.04571389571060058,0.020269080049625302
34,1.0,1.0,0.0,0.0,1.0,0.0,0.9818100945914671,0.9868639737258361,0.1275893528790079,0.12186717993345576,0.6578396625043442,0.053229558334707876
35,1.0,1.0,1.0,1.0,1.0,1.0,0.9836996117891118,0.9983761433936094,0.7971543262862542,0.8567757481867996,0.9615482658757438,0.4590209620186413
36,1.0,1.0,0.0,0.0,0.0,0.0,0.6135809485630266,0.5463285828105497,0.6498493459639979,0.3627342243281997,0.36246467134465493,0.30906653383864535
37,1.0,1.0,1.0,1.0,1.0,0.0,0.9858829438093608,0.9969259361143809,0.561368941925739,0.7196168278592402,0.8884848000481982,0.25139370065195543
38,1.0,1.0,1.0,1.0,1.0,1.0,0.9386027488761343,0.9929174664979175,0.9374277768365449,0.9587408150349123,0.9788319470022565,0.6793103929859627
39,0.0,1.0,0.0,1.0,1.0,0.0,0.4767766825092487,0.8531289879589615,0.09855681764554301,0.2445171179340495,0.8161073638816406,0.02469929738131499
40,0.0,1.0,1.0,1.0,1.0,0.0,0.07130737412729796,0.9039063935201217,0.8148633230257101,0.9232943882654935,0.8575834344575618,0.06698448017289671
41,1.0,1.0,1.0,1.0,1.0,1.0,0.9942874159660061,0.9993003329737895,0.9251799833401528,0.9734919730118728,0.9468220648517561,0.7188757044134019
42,0.0,0.0,0.0,0.0,0.0,0.0,0.042060369265693384,0.030081450633412454,0.015445787160898679,0.03451677684809504,0.08883458140820057,0.039700000085867264
43,0.0,0.0,0.0,0.0,0.0,0.0,0.023304027558125683,0.026662926442319358,0.01143323790390368,0.02909388884240727,0.06005994840640783,0.015693734184440512
44,0.0,0.0,0.0,0.0,0.0,0.0,0.026768317002398706,0.01490084117807461,0.011129639490157484,0.03108534258766886,0.06323815834763706,0.022652429218140452
45,0.0,0.0,1.0,0.0,0.0,1.0,0.11949292043869537,0.6279080824973424,0.7219029411633863,0.6292120498030761,0.2631315452398777,0.19354787278311905
46,0.0,0.0,0.0,0.0,0.0,0.0,0.025724522807369428,0.030601079166814985,0.016573329008298537,0.03817266977338339,0.07549352332945554,0.03686893787292363
47,0.0,0.0,0.0,0.0,0.0,0.0,0.028000270208495694,0.04306842508709731,0.015216630512611025,0.04255032517013749,0.03286944112428598,0.028645247213978445
48,1.0,1.0,0.0,0.0,1.0,0.0,0.9755568216723058,0.9908364634918019,0.044271239595339205,0.06652477631017138,0.9374277077212491,0.01808262221624776
49,0.0,1.0,1.0,1.0,0.0,0.0,0.2111847972706038,0.8053800716152562,0.8233438845730279,0.862490487841855,0.446871609579662,0.7225823311306221
50,1.0,1.0,0.0,0.0,1.0,0.0,0.9766982994468686,0.9759634195049403,0.022439064989432395,0.027323999694855224,0.6386157240671662,0.014925000897874467
51,1.0,1.0,1.0,1.0,1.0,1.0,0.994278894799955,0.9978434399930664,0.9157979713735752,0.9491310564247113,0.9721447949559032,0.6390357660526345
52,1.0,1.0,1.0,0.0,0.0,1.0,0.9850876019991105,0.9982759787430392,0.7897704225921431,0.8295598576324504,0.8896610756638024,0.3312753371958472
53,0.0,0.0,1.0,0.0,0.0,1.0,0.18061019200670764,0.346633764606678,0.7875556562952791,0.4270878402086413,0.2135852635517771,0.6436577542306079
54,1.0,0.0,0.0,0.0,1.0,0.0,0.7487261868118006,0.3808529554797255,0.009299515504954515,0.018478051700511238,0.4028954497799507,0.017213742782350334
55,1.0,1.0,1.0,1.0,1.0,1.0,0.9897313510839549,0.9982148763496494,0.9343698752976458,0.6876747524493898,0.7171949835804463,0.6498121595960026
56,1.0,1.0,0.0,0.0,1.0,0.0,0.9703423369190446,0.9875295802006039,0.014143471060544043,0.04712744966011284,0.9357352990585023,0.011869683519045719
57,1.0,1.0,1.0,1.0,1.0,1.0,0.7610097758396701,0.9560687565077245,0.981234114597507,0.9781890352433343,0.7467022621196743,0.9534007192707199
58,1.0,1.0,0.0,0.0,1.0,0.0,0.7293491824648141,0.24394100425942547,0.012208190802218124,0.022518511167688892,0.445042091380386,0.016635302758868778
59,1.0,1.0,1.0,1.0,1.0,1.0,0.9945046395754749,0.9989383035179744,0.8768819822936614,0.9646023853789889,0.9474779386792618,0.5762792715695042
60,0.0,0.0,0.0,0.0,0.0,0.0,0.029400403188276216,0.040734459653923485,0.012989171681235152,0.03038574721824455,0.06837328449404026,0.020310800250229088
61,0.0,0.0,0.0,0.0,0.0,0.0,0.038119005818990755,0.07101256341698176,0.0326307455230844,0.06177545418807047,0.1761392891510501,0.06760612114254462
62,1.0,1.0,0.0,0.0,1.0,0.0,0.9774784872563782,0.9850695629065482,0.24327617698329568,0.04203167010359655,0.43875482278310274,0.04677381719413847
63,0.0,0.0,0.0,0.0,0.0,0.0,0.02699308824802435,0.029645376858470115,0.013615475569377696,0.028095787865926522,0.06354933660820095,0.02365219846415061
64,0.0,1.0,0.0,1.0,1.0,0.0,0.04933067556984158,0.07903955789646652,0.12965163942226426,0.118987921676548,0.14080914710868106,0.08986445624232556
65,0.0,0.0,0.0,0.0,0.0,0.0,0.14311772129421516,0.0748696682917231,0.0295612627286281,0.039578593937075565,0.12827587738240998,0.08003526464961346
66,1.0,1.0,0.0,0.0,1.0,0.0,0.9760612669978739,0.9746976737986079,0.016759163004164954,0.029549788357912842,0.5601072591677551,0.036134141064419416
67,1.0,1.0,0.0,0.0,1.0,0.0,0.8022320005940233,0.6208637105848552,0.013731274019512366,0.029070463184130136,0.5711088005878256,0.018010022319473903
68,1.0,1.0,0.0,1.0,0.0,0.0,0.9959194573850301,0.9994560001200219,0.9264747777185517,0.9769502588276584,0.9231424158329824,0.7519082268844709
69,1.0,1.0,0.0,0.0,1.0,0.0,0.9716340413562311,0.9513484037660992,0.016043380807273983,0.028003624103057893,0.3448968261866319,0.0186779442176183
70,0.0,1.0,1.0,1.0,1.0,1.0,0.5979404787165131,0.9819663760836891,0.9748264085632193,0.9776349295510532,0.7333906368542871,0.9585209672902668
71,1.0,1.0,1.0,1.0,1.0,1.0,0.990697351818353,0.9976561358894106,0.9367120032538732,0.9040677003167293,0.8923820157238126,0.44903472756795976
72,0.0,0.0,1.0,0.0,0.0,0.0,0.04430802015131611,0.12853537500324624,0.10776424333752645,0.08105083748117486,0.05816953165024273,0.04274222239005768
73,1.0,1.0,0.0,0.0,0.0,0.0,0.973939738085356,0.9915330958390219,0.31470937524580095,0.41280854656195826,0.8317611559939786,0.20747859494806242
74,0.0,0.0,0.0,0.0,0.0,0.0,0.018593774893050755,0.006978470993506337,0.012039583824703118,0.030111238569452983,0.05087128688590238,0.01412369976083877
75,0.0,0.0,0.0,0.0,0.0,0.0,0.024447137127144348,0.01725533866638206,0.01274512220312451,0.035775891131341726,0.061523109772835954,0.02563780496947939
76,0.0,0.0,0.0,0.0,0.0,0.0,0.025465429167316415,0.02509915360166119,0.016156500041962986,0.02346071462888821,0.05080534590706412,0.025547950462881677
77,0.0,1.0,1.0,1.0,1.0,1.0,0.7339177010966761,0.9222331219498322,0.8908329059998891,0.9176214975269192,0.7332945225100044,0.7560114703439195
78,1.0,1.0,1.0,0.0,1.0,0.0,0.9819410277121706,0.9961395895165703,0.45601418092813384,0.42211226237199295,0.8552624787148416,0.09644975190426171
79,0.0,1.0,1.0,1.0,0.0,1.0,0.08365335506434345,0.5540344218636655,0.6271886983088284,0.38449509029483137,0.11054848007807558,0.19310579808683478
80,0.0,0.0,0.0,0.0,0.0,0.0,0.02255729432124683,0.029602183009408083,0.010231015609422286,0.02309407281787122,0.07955557776413986,0.022601452320137674
81,1.0,1.0,1.0,1.0,1.0,0.0,0.9915454722942488,0.9991580944945246,0.8274645797773773,0.803966434667547,0.79783028908004,0.3152188624355924
82,0.0,0.0,0.0,0.0,1.0,0.0,0.026663700565523165,0.012410914948241392,0.011911181993582891,0.030150427798926932,0.07805488853308397,0.020614406711088686
83,0.0,0.0,0.0,0.0,0.0,0.0,0.02677116802242033,0.012330658122662437,0.012401819411863638,0.030612095628537773,0.05719636536964203,0.02275657426475134
84,1.0,1.0,0.0,0.0,1.0,0.0,0.9839584918616924,0.9903141875928301,0.7642946610138648,0.43614518048330736,0.6595251448130018,0.28113804422865646
85,1.0,1.0,1.0,1.0,1.0,0.0,0.9926644637181594,0.9984670013309275,0.8776336689859615,0.8403594312992787,0.8746271130588901,0.3024381616024251
86,1.0,1.0,1.0,1.0,1.0,1.0,0.9949314338112175,0.9993036612671238,0.9769331971991903,0.9827681064981705,0.9480274745937349,0.759426604019084
87,1.0,1.0,0.0,1.0,1.0,1.0,0.9909472182009011,0.9967711589990985,0.6988495888994443,0.7663277655859905,0.8786304366830664,0.48109937487139975
88,1.0,1.0,1.0,1.0,1.0,1.0,0.9941121403283748,0.9995008199389915,0.9357216773600118,0.9826836890262269,0.9632223224022722,0.4551427364536828
89,1.0,1.0,0.0,0.0,1.0,0.0,0.9744861821595775,0.9709344270934042,0.014813562547981177,0.023028045352124056,0.6366597694495773,0.012387212948222044
90,1.0,1.0,0.0,1.0,1.0,1.0,0.8858847744272471,0.5149948308856422,0.010339324517407647,0.13159794365389887,0.7700198601004085,0.8137139082027818
91,1.0,1.0,1.0,1.0,1.0,1.0,0.9786516148467638,0.994743622507011,0.8697534443073668,0.8850914606269761,0.9702738326735254,0.4189943236592962
92,0.0,1.0,0.0,0.0,0.0,0.0,0.8805627686728669,0.8022617787733354,0.36577444059200986,0.1803584691734696,0.7251505846782564,0.08005823114640064
93,0.0,0.0,0.0,0.0,0.0,0.0,0.02617537938155226,0.024588445833959253,0.011538753069507253,0.027790995838594266,0.0514014270779125,0.02243077805165304
94,1.0,1.0,1.0,1.0,1.0,0.0,0.9941434758187441,0.998882173281168,0.9532662517259667,0.9807302435583919,0.9858865922945294,0.3465152874509565
95,0.0,0.0,0.0,0.0,0.0,0.0,0.02627110264435232,0.024634009250733734,0.014757390140533969,0.029829447492326036,0.0693587626055285,0.024755340157696173
96,1.0,1.0,1.0,1.0,1.0,1.0,0.79590263953595,0.9711834660806103,0.9726640899721641,0.9820150485902138,0.8532730003500946,0.94489888858421
97,0.0,0.0,1.0,0.0,0.0,1.0,0.10279977703145185,0.681057662230484,0.7979895334295802,0.7078162579622663,0.2509443375586025,0.5015746608259875
98,0.0,0.0,0.0,0.0,0.0,0.0,0.03244219202441809,0.02099132943962462,0.010636522146876817,0.03371857824293412,0.07087678059326784,0.015669222743501295
99,1.0,1.0,0.0,0.0,1.0,0.0,0.9745230292157409,0.9431185059777378,0.007807300587639544,0.11875899161937269,0.9130049504699496,0.5016136400176963
100,0.0,0.0,0.0,0.0,0.0,0.0,0.027714947131535207,0.02338933626631198,0.010652472177348592,0.026829377703807954,0.0680001054070998,0.026903265688663146
101,1.0,1.0,1.0,1.0,1.0,1.0,0.9949753695964852,0.9990190236953838,0.9315968939514515,0.9461117682675314,0.8865571084100401,0.41543600617025617
102,0.0,0.0,0.0,0.0,0.0,0.0,0.02540508484536717,0.011936504988476041,0.010784923509322438,0.024776324680698007,0.04773375801251668,0.017394067550162075
103,0.0,1.0,0.0,0.0,1.0,1.0,0.9858629503396863,0.9903388853679959,0.02716237110010418,0.08463486730400102,0.9418163761587709,0.3810822496611533
104,1.0,1.0,0.0,0.0,0.0,0.0,0.9684997956624389,0.9720425924895127,0.012257830422927763,0.02509606738625937,0.5936009078637854,0.014416963022431459
105,0.0,0.0,0.0,0.0,0.0,0.0,0.026270378451580312,0.02053412078418664,0.013081090391641457,0.025413359638603573,0.06645689232115098,0.023680995228902622
106,1.0,1.0,1.0,1.0,1.0,1.0,0.9852610576280352,0.9980681107214304,0.8517813443775911,0.8312341741974304,0.8302581815791226,0.3840492090546197
107,1.0,1.0,0.0,0.0,1.0,0.0,0.9737106524932838,0.9887168172012882,0.008270004189571302,0.023232173790150766,0.9023927816988633,0.007870436213041556
108,0.0,0.0,0.0,0.0,0.0,0.0,0.03514813508543465,0.04701609890833786,0.009677235756878597,0.03710274225080827,0.07806772259663104,0.01647016327046085
109,1.0,1.0,1.0,1.0,1.0,1.0,0.9954968073168673,0.9993354175618907,0.9512283936528353,0.9812968274620767,0.9699142822262332,0.7906008639610106
110,0.0,1.0,1.0,1.0,1.0,0.0,0.9944361533068832,0.9988681739616669,0.7662346319158788,0.9688149263631947,0.9761512253228446,0.4112102614099782
111,0.0,0.0,0.0,0.0,0.0,0.0,0.03155639301619338,0.03998413127928182,0.013709318661965016,0.04230827007124887,0.05859924445435435,0.02812252783575182
112,1.0,1.0,1.0,1.0,1.0,0.0,0.9961196561907245,0.9990911525858949,0.9226781555195022,0.9744635693422146,0.9627120553826423,0.29691383740338845
113,1.0,1.0,1.0,1.0,1.0,1.0,0.950034571003023,0.9942783082546311,0.9203879689567985,0.9534421317636517,0.928223868840805,0.43331340593510215
114,0.0,0.0,0.0,0.0,0.0,0.0,0.02235396326984697,0.024671151535277915,0.010884105932944067,0.017137010155589123,0.04419683687899126,0.01458137663819017
115,1.0,1.0,0.0,0.0,0.0,0.0,0.9696049375832106,0.9633941529429686,0.016656082834438632,0.02162555009032622,0.5302662910182526,0.013313188935463833
116,0.0,0.0,1.0,0.0,0.0,0.0,0.049683663013703624,0.06818807180956567,0.33248528540744826,0.16679087282590882,0.13328781269034912,0.1273814181673646
117,0.0,0.0,0.0,0.0,0.0,0.0,0.035248494547461984,0.024710436447251755,0.014530841852729,0.03291433582881886,0.09970248728865448,0.02853714594867923
118,1.0,1.0,1.0,1.0,1.0,1.0,0.9920065003750957,0.9969114906429555,0.8046103159144624,0.8916114748625814,0.9634277587182704,0.5004879162486825
119,0.0,0.0,0.0,0.0,0.0,0.0,0.020452586496835866,0.013255586552176894,0.011062325983229789,0.026052159953770984,0.045605832638184206,0.019797704632427072
120,0.0,0.0,0.0,0.0,0.0,0.0,0.025763270411776302,0.03392586857625058,0.01214622111590097,0.03747401228878478,0.06723179082628704,0.01768224905458725
121,0.0,0.0,0.0,0.0,0.0,0.0,0.022632052372944064,0.013193920182275335,0.011026527190186345,0.023714737302315957,0.07295530541004616,0.019917255846729976
122,1.0,1.0,1.0,1.0,1.0,1.0,0.9919620093847538,0.9971405322497134,0.6487831753055961,0.5819441851716697,0.5847864851711786,0.34398913816354454
123,0.0,0.0,0.0,0.0,0.0,0.0,0.04046053186052254,0.04186113301615888,0.020687564777000653,0.06251429413737204,0.0648888907733018,0.04799262567256229
124,1.0,1.0,0.0,0.0,1.0,0.0,0.9827882945775225,0.9945778856242541,0.11594746665956289,0.17361489401539443,0.9347042710753043,0.03592705874317966
125,1.0,1.0,0.0,0.0,1.0,1.0,0.9906276450914384,0.9906370581074688,0.01574593849118556,0.16017153277707796,0.93467499556251,0.34457652878749323
126,1.0,1.0,0.0,0.0,1.0,1.0,0.8768878379910252,0.796343086450852,0.015332528813074446,0.5197334288094508,0.8316516529250914,0.8096881151967886
127,1.0,1.0,1.0,0.0,0.0,0.0,0.9928086916333027,0.9995443466525697,0.9284627127198215,0.9637055920820087,0.9412331437210633,0.6399399500338266
128,1.0,1.0,0.0,1.0,1.0,0.0,0.99101781772133,0.9962030267562265,0.22880398524709036,0.2884629112290727,0.9413163818316557,0.08001047701019788
129,0.0,0.0,0.0,0.0,0.0,0.0,0.0227369576335713,0.021554160725237654,0.011259099252587947,0.04235419258216991,0.06390549256611251,0.033155264861030105
130,0.0,0.0,0.0,0.0,0.0,0.0,0.03920221055789909,0.040269680371021674,0.011618959730415962,0.04062751415187151,0.0647274590088363,0.027627758102263703
131,1.0,1.0,0.0,0.0,0.0,0.0,0.9725382649652187,0.9827379236301621,0.10056953066998942,0.07145780768653114,0.5594477011239349,0.05216397824849335
132,1.0,1.0,1.0,1.0,1.0,0.0,0.776168670672305,0.9619338840230304,0.9040918490346587,0.8990548294573738,0.7500919288207135,0.5633634939083773
133,1.0,1.0,0.0,0.0,0.0,0.0,0.9833253477563123,0.9947400717110692,0.2880347627907816,0.2197485016352541,0.538823834078217,0.05191744937491465
134,0.0,0.0,0.0,0.0,0.0,0.0,0.02983249572354545,0.04788635810595287,0.0133703638829601,0.02845021985472979,0.07421195727110035,0.015046711618035828
135,0.0,0.0,0.0,0.0,0.0,0.0,0.040514518282611225,0.030095697291675536,0.012931561545775563,0.03256369929736522,0.06959935652814685,0.028275523519980268
136,1.0,1.0,1.0,0.0,0.0,1.0,0.9788022548813355,0.9935782621605742,0.6794677901450367,0.27466045783735804,0.7006224695243766,0.18793222745497834
137,1.0,1.0,0.0,0.0,1.0,0.0,0.9740718847995394,0.983692402987694,0.014940761104584631,0.04157925935674129,0.7769909312752901,0.01747741373313979
138,1.0,1.0,1.0,1.0,1.0,1.0,0.875604356112484,0.970665858481515,0.8422275879686347,0.7491390393532816,0.7152949621152203,0.36071579031852274
139,0.0,0.0,0.0,0.0,0.0,0.0,0.027862549833593073,0.0288086135633817,0.011684473018632357,0.0241239689161858,0.05970314450643345,0.017636414976364218
140,0.0,1.0,1.0,1.0,1.0,1.0,0.5411519459989845,0.8209829052522478,0.975586567698219,0.9428500795464647,0.8181170430998211,0.8849655776081865
141,0.0,0.0,0.0,0.0,0.0,0.0,0.11313444857482376,0.2726100168680508,0.5761380809592092,0.2405641127280534,0.2292364616450519,0.2983827398296855
142,1.0,1.0,1.0,1.0,1.0,1.0,0.9938495964740781,0.9989474133994108,0.941772200039688,0.9594893409491271,0.9606927493610152,0.5188643896072513
143,1.0,1.0,1.0,0.0,1.0,0.0,0.9849951414919192,0.9984598938748376,0.7290298400969246,0.6398543795001701,0.7385675566423072,0.11325562694499038
144,1.0,1.0,1.0,1.0,1.0,1.0,0.9940022689513176,0.9989641767538155,0.9282828874570651,0.978645573970713,0.9111664064348747,0.774387049567779
145,1.0,1.0,0.0,0.0,1.0,0.0,0.986061578706134,0.995066387786627,0.03217577693136201,0.1446469847575723,0.9505539327714848,0.28681077990202186
146,0.0,0.0,1.0,0.0,0.0,0.0,0.08181901099439566,0.7551739050388091,0.5684235101869478,0.45606649076796957,0.1376248621527429,0.26313220963750183
147,1.0,1.0,1.0,1.0,1.0,1.0,0.9939190333924371,0.9989508280335718,0.9688011360020596,0.9741109095349301,0.9776288698298308,0.48317552271196407
148,0.0,1.0,1.0,1.0,1.0,0.0,0.23926344904588692,0.9600383017522908,0.7466945822552379,0.8029442549267919,0.7813462731873914,0.5104628967232304
149,1.0,1.0,0.0,0.0,0.0,0.0,0.988456138698266,0.9904724637118999,0.04878885478175679,0.09702766362788329,0.5756433194259557,0.04089287555705966
150,1.0,1.0,1.0,1.0,1.0,1.0,0.9890360073675392,0.9931000733819059,0.9730735102595129,0.9268233642425249,0.9706063830623838,0.47794759683075116
151,1.0,1.0,1.0,1.0,1.0,1.0,0.9143800367518404,0.9627144660595898,0.7215936636722448,0.8045035089476463,0.8806365776714398,0.8927371098198522
152,1.0,1.0,1.0,1.0,1.0,0.0,0.9950324482829115,0.9992179690053838,0.9461839733976408,0.9695082666097419,0.9347435448738685,0.559094511170424
153,1.0,1.0,1.0,0.0,0.0,0.0,0.9914509288499957,0.9983075027840238,0.9104523178758793,0.9233098328231966,0.6496226258220127,0.3855615707021843
154,0.0,0.0,0.0,0.0,0.0,0.0,0.02748421531239701,0.025378678327608026,0.01986749471990396,0.025959663335298554,0.06854871472340045,0.020970249044483608
155,1.0,1.0,1.0,1.0,1.0,1.0,0.9917106440276328,0.9983472849031689,0.8619769499112258,0.8998321920935363,0.6162344187317597,0.6464891784433581
156,0.0,0.0,0.0,0.0,0.0,0.0,0.39435021050709507,0.49836222221770177,0.8606105777844322,0.6974681191361457,0.4290522515037956,0.6921905892242685
157,1.0,1.0,1.0,1.0,1.0,0.0,0.9820503918870258,0.997442855308521,0.8668753845049173,0.8815136715646523,0.8994392707464379,0.3748005873917441
158,0.0,0.0,0.0,0.0,0.0,0.0,0.030836943900788984,0.040282792451005044,0.01826926200437696,0.031233352859400373,0.0709945405119962,0.03804202682130075
159,1.0,1.0,1.0,1.0,1.0,1.0,0.9942767487132602,0.999400692740103,0.9654012684448601,0.9806742423005591,0.9811179748329473,0.5869202552301944
160,0.0,0.0,0.0,0.0,0.0,0.0,0.029813215089811086,0.031099072901641406,0.013054665599631006,0.022386935795898646,0.04866769679830397,0.020732884146743007
161,1.0,1.0,1.0,1.0,0.0,0.0,0.9909363161221465,0.9987523791119346,0.9230250068016188,0.9526743371334209,0.9570754552906081,0.552356851182607
162,0.0,1.0,1.0,1.0,0.0,1.0,0.23249499607360563,0.7911143268653299,0.9581865996269491,0.7849851858289406,0.303602228428084,0.8323792806231073
163,1.0,1.0,1.0,1.0,1.0,1.0,0.9883239348833864,0.9973220418238624,0.5411181300318969,0.6798683922287693,0.6751581992066914,0.3774208377459486
164,0.0,0.0,0.0,0.0,0.0,0.0,0.026266995237328745,0.02316416943039872,0.010602730675347597,0.026610889032132483,0.06712492338632653,0.019424652704525626
165,0.0,0.0,0.0,0.0,0.0,0.0,0.02187993669528192,0.014118102055065092,0.007244470272084694,0.025420198430276594,0.027787854523366077,0.01362981342057337
166,1.0,1.0,1.0,1.0,1.0,1.0,0.8926591240474347,0.9385247272238019,0.7550800970401861,0.4498707682489979,0.7700520236111844,0.4056025838957759
167,1.0,1.0,0.0,0.0,0.0,0.0,0.9656761408439444,0.9612531136096383,0.01837803242821111,0.03516395026750404,0.6188531082453625,0.01524575776093205
168,0.0,0.0,0.0,0.0,0.0,0.0,0.029072589208629488,0.018689929450571772,0.013607041642770532,0.032768191275966606,0.05592834009572503,0.02361051750153179
169,1.0,1.0,0.0,0.0,1.0,0.0,0.9866306842649865,0.9913190052013952,0.06386304292331536,0.1886153874069145,0.9361201745679236,0.19618765194404938
170,0.0,1.0,1.0,1.0,0.0,1.0,0.2108675446916572,0.620348573766306,0.8729742092008869,0.6739781234267753,0.3278458984794721,0.8284131015516857
171,1.0,1.0,0.0,0.0,1.0,0.0,0.9710743019985868,0.9803236246039249,0.02087329770724662,0.029058176146455443,0.6127555790765834,0.018519646800430573
172,1.0,1.0,0.0,1.0,1.0,0.0,0.9866511157955181,0.9974604885211594,0.6934296410454809,0.8234915017108878,0.9294263525849012,0.18924285196889987
173,1.0,1.0,1.0,1.0,0.0,0.0,0.1670087161072594,0.8092179600138362,0.49113806209782834,0.5380623249321475,0.7214292813808382,0.25128155293847587
174,1.0,1.0,1.0,1.0,0.0,1.0,0.4188062526611727,0.8410524171237905,0.9502776561803449,0.7625009869614119,0.4586940616515458,0.8116825026332654
175,0.0,0.0,0.0,0.0,0.0,0.0,0.023323203302451877,0.024501232950911743,0.011676512941264665,0.02747657027537468,0.06328238186260518,0.015296111144292291
176,1.0,1.0,1.0,1.0,1.0,0.0,0.9883114738302214,0.9973224641645285,0.6836690624400564,0.7879643924585267,0.7684422663972241,0.2915593876961886
177,1.0,1.0,0.0,0.0,1.0,0.0,0.9035789036427401,0.6442850442393117,0.013198352291697383,0.09887374739201826,0.8297859011322803,0.7661379339002234
178,0.0,0.0,0.0,0.0,0.0,0.0,0.057411369081147016,0.11478395070340745,0.2611934829358363,0.13116053823369297,0.10416315738519683,0.14607164022564217
179,0.0,0.0,0.0,0.0,0.0,0.0,0.022608752300355174,0.008850874574046692,0.010356229433621925,0.02564098483572256,0.06668846703274345,0.020707485895268468
180,0.0,0.0,0.0,0.0,0.0,0.0,0.02647496413000062,0.016577215682589356,0.011588571257363555,0.026959547320236095,0.08383088734653193,0.018820489624242518
181,1.0,1.0,1.0,1.0,1.0,1.0,0.9939389058401081,0.9990767914664107,0.9212624753263048,0.9486106162373468,0.9086949659544933,0.6483363197189331
182,0.0,0.0,0.0,0.0,0.0,0.0,0.0242736339254609,0.030433766503008632,0.01529526114826616,0.03032644264621623,0.0656678713830794,0.021481873566822556
183,1.0,1.0,0.0,0.0,1.0,0.0,0.9852819431166655,0.9988373683311832,0.6503590926042343,0.6949053558414857,0.9441531068647432,0.08033773758634696
184,1.0,1.0,1.0,1.0,1.0,1.0,0.9914715882393976,0.9988503121216866,0.7215199905660366,0.8295663303298829,0.7905789510115844,0.25521026787490986
185,1.0,1.0,0.0,0.0,1.0,0.0,0.9709768622069688,0.9739263712244924,0.007974598186930533,0.017189801253526506,0.41122302309911624,0.015433721461858285
186,1.0,1.0,1.0,1.0,1.0,1.0,0.9839045630739404,0.998768406555951,0.908537620863897,0.9443969179562957,0.9336487513901657,0.42956319292571593
187,1.0,1.0,1.0,1.0,1.0,1.0,0.991065444719372,0.9987622037157493,0.9036387558036342,0.9374206907057948,0.926229623554661,0.5672463986186289
188,1.0,1.0,1.0,1.0,1.0,0.0,0.98760515385663,0.9979544445368456,0.8677655435237317,0.9380019707835574,0.9703236336751707,0.2702862442609767
189,0.0,0.0,0.0,0.0,0.0,0.0,0.02472909126359279,0.019403130176960406,0.011902993386711715,0.027471167316032136,0.04492124541028217,0.021274953529115452
190,1.0,1.0,1.0,1.0,1.0,1.0,0.9876998404753077,0.9948756107723881,0.499221990889253,0.2928078130062665,0.755376506790696,0.15129675116945746
191,0.0,0.0,0.0,0.0,0.0,0.0,0.06457987981254623,0.11283612259840722,0.2766244865383741,0.1808226569581346,0.18483766408280583,0.16348737463245094
192,0.0,1.0,1.0,1.0,1.0,1.0,0.13595511701158222,0.6683685256691437,0.7394776470671383,0.72751761874196,0.8551741747672417,0.31595330689604423
193,1.0,1.0,1.0,1.0,1.0,1.0,0.9825067743172801,0.9976328740689555,0.8583139040876078,0.9266940153699244,0.9807496602829192,0.7168718039181567
194,1.0,1.0,0.0,0.0,1.0,0.0,0.20794338699981876,0.4434400791219865,0.01599175773239497,0.07317450404192537,0.5570288042238148,0.030524342890863233
195,0.0,0.0,0.0,1.0,1.0,1.0,0.10496252000742973,0.10039873933080729,0.08918347823511719,0.078423769708721,0.1575993365410985,0.11938059320389041
196,1.0,1.0,1.0,1.0,1.0,0.0,0.9958887457306784,0.9984544477683994,0.9042083233025885,0.9732871545719469,0.9294906411071426,0.6957383887246322
197,1.0,1.0,1.0,1.0,1.0,0.0,0.43145091478336683,0.9574838187936093,0.805789070041668,0.9133424074596271,0.7121685946714672,0.5932037672434038
198,1.0,1.0,0.0,1.0,1.0,0.0,0.027983324751813345,0.018878871060647496,0.01006268772432988,0.03470928077353882,0.058694363285109095,0.023562801184498546
199,0.0,0.0,0.0,0.0,0.0,0.0,0.021098535580652257,0.017322046017174887,0.01134845518968062,0.03181343985717652,0.0932252370933367,0.008958256117253486
200,1.0,1.0,1.0,1.0,0.0,1.0,0.3735567775383366,0.7612438685986858,0.9471556370909341,0.8384366039661014,0.32868488189209155,0.8742069057731737
201,0.0,1.0,1.0,1.0,0.0,1.0,0.20230852048149348,0.8554916938500009,0.8052741518155032,0.8423269109616552,0.3792292766649448,0.7124121852346913
202,1.0,1.0,1.0,1.0,1.0,0.0,0.9946871721765089,0.9947290432566175,0.9275384784758757,0.8638428104843162,0.9574336613987736,0.27937656193208105
203,1.0,1.0,0.0,1.0,1.0,0.0,0.9831138728965342,0.9931414608648129,0.2999897765871498,0.3659277461157956,0.9623072353238974,0.07148362986296836
204,1.0,1.0,1.0,1.0,1.0,1.0,0.9893897214372538,0.9982193623258996,0.8430807857086274,0.7179830830246515,0.8351348197604089,0.4259892541680781
205,1.0,1.0,1.0,1.0,1.0,1.0,0.9538611863517616,0.9783092068877426,0.6679817264329838,0.8743546877661549,0.9753618212441951,0.8336877247415103
206,1.0,1.0,1.0,1.0,1.0,1.0,0.43194888443775387,0.8771986665724776,0.9100225650526166,0.8676799441403998,0.5728802874847996,0.7419744927239833
207,1.0,1.0,1.0,1.0,1.0,1.0,0.9959976130596757,0.9993083687719465,0.9103848185690875,0.9872668295246517,0.9724804738189078,0.6884919584321259
208,1.0,1.0,1.0,1.0,1.0,1.0,0.9881187114504288,0.9953051302610086,0.6112745898945263,0.3212005909683763,0.6471550353205577,0.08019209085340902
209,1.0,1.0,1.0,1.0,1.0,1.0,0.9952980325906293,0.9990349388264356,0.9647884598197487,0.9793833024395999,0.9789948296261078,0.683035084108901
210,1.0,1.0,1.0,1.0,1.0,0.0,0.9849422433658862,0.9973941215841966,0.7026894213739658,0.5717646006765025,0.7003481031982277,0.1412071802734435
211,1.0,1.0,1.0,1.0,1.0,1.0,0.9844864339309471,0.9985021230499149,0.9260068832915096,0.9332391963934387,0.9622699480747745,0.7658445794687296
212,1.0,1.0,1.0,1.0,1.0,1.0,0.9944648432840275,0.9991567049059767,0.9629398473521501,0.9692726122103416,0.9691574270896807,0.44813928484721033
213,1.0,1.0,1.0,0.0,0.0,0.0,0.7918711343073854,0.8503134275661222,0.3044638219865677,0.33817839904928837,0.42603365362316276,0.3524435582070842
214,1.0,1.0,1.0,1.0,1.0,1.0,0.9886180418470694,0.997250729141216,0.7753883338236406,0.7435053741595801,0.7659096112301232,0.4286344973257933
215,1.0,1.0,0.0,0.0,0.0,0.0,0.9654252072411719,0.9738537369289656,0.010034844001967911,0.02049864423160973,0.5385167692805102,0.014326912481407085
216,0.0,0.0,0.0,0.0,0.0,0.0,0.026364336225540276,0.025321380594956158,0.011644520331307744,0.028525395667746825,0.06607368775244286,0.02063512672726408
217,1.0,1.0,1.0,0.0,0.0,0.0,0.9830245507065621,0.9981078807455679,0.6569012820105435,0.5279511420250701,0.7325155692045126,0.1519923234706744
218,1.0,1.0,1.0,1.0,1.0,1.0,0.9779043791197979,0.9844510791904139,0.9291705062995828,0.9689795019754701,0.9673224092585971,0.8270367918470236
219,0.0,1.0,0.0,1.0,1.0,0.0,0.03680366706520699,0.05921104153848997,0.02747113631215047,0.04225081581788144,0.08317138441046051,0.04742551702441805
220,1.0,1.0,1.0,1.0,1.0,1.0,0.9833805646895627,0.998307916750179,0.9166793110910609,0.89370018811749,0.9017618300260681,0.6909391689955403
221,1.0,1.0,1.0,0.0,1.0,1.0,0.9814367402818103,0.9964549608862949,0.7856902771423806,0.7721976080923629,0.7850034862835353,0.3145012618193098
222,0.0,0.0,0.0,0.0,0.0,0.0,0.9547594634555977,0.9487235385951084,0.014828059596946204,0.023671602193519645,0.39507674678486787,0.017041110924476202
223,1.0,1.0,1.0,1.0,1.0,0.0,0.9924231019032952,0.9985898017627866,0.9346124400125769,0.9519699019625587,0.9789274181675841,0.31469185408546607
224,1.0,1.0,1.0,1.0,1.0,1.0,0.993439447717239,0.9982126275705525,0.8451952250362765,0.9577835202337796,0.9521586553071344,0.644211905985871
225,0.0,1.0,1.0,1.0,1.0,1.0,0.46949190272646824,0.946049231495203,0.9769503128223583,0.9699242103045009,0.7493020389368523,0.9104257244859649
226,1.0,1.0,1.0,1.0,1.0,1.0,0.9344113822193509,0.9873265941441322,0.9722987964700078,0.9490711914968604,0.8449575473761336,0.8213996296283065
227,1.0,1.0,1.0,1.0,1.0,1.0,0.33229207869301347,0.9287556366951577,0.9441742522653281,0.9270363974271933,0.50893431885055,0.7209247520045818
228,1.0,1.0,0.0,0.0,1.0,0.0,0.966188786864005,0.9785134056101528,0.07566526963407948,0.13114545137454092,0.7605382947823575,0.029948582407086345
229,0.0,0.0,0.0,0.0,0.0,0.0,0.027010974063765576,0.02074934135285585,0.01187575814189716,0.027822156857447065,0.07310418137621853,0.019399417178532993
230,0.0,1.0,1.0,1.0,0.0,1.0,0.891846375446813,0.8495591331549536,0.7958454687225723,0.5206318468190121,0.354908747728583,0.6081931758939444
231,1.0,1.0,1.0,1.0,1.0,1.0,0.9887394975261086,0.9974957746021291,0.7825759759364873,0.6178176377626512,0.8135312092015744,0.4654029738102902
232,1.0,1.0,1.0,1.0,0.0,1.0,0.9778022790091098,0.9908067035466063,0.937728567677254,0.9584260995396561,0.9032868999532712,0.4390060919791006
233,1.0,1.0,1.0,1.0,1.0,0.0,0.9772121313269784,0.9936082037573987,0.2265220428827887,0.19044454589353582,0.5355383103572611,0.05184583159394111
234,0.0,0.0,0.0,0.0,0.0,0.0,0.03987532453270793,0.022040320360183125,0.01724250229544514,0.02938745542518524,0.09578126116821836,0.04243452425242506
235,0.0,0.0,0.0,0.0,0.0,0.0,0.024670262875599862,0.022793113169625068,0.009363496605099083,0.030406167910347212,0.061051336843286105,0.028153755725682125
236,0.0,0.0,0.0,0.0,0.0,0.0,0.03814996907664714,0.028202901664264427,0.01245462280366873,0.03646806233667012,0.08007341942623959,0.021020334513137354
237,0.0,0.0,0.0,0.0,0.0,0.0,0.3535527949677676,0.6588191848760231,0.7932396156420782,0.6751185237823294,0.4056623087282214,0.8066247297355406
238,1.0,1.0,1.0,1.0,1.0,0.0,0.9914164830512512,0.9987912716141074,0.9216081558626622,0.9796862013933361,0.9827027417845552,0.36298905736519493
239,0.0,0.0,0.0,0.0,1.0,0.0,0.032358961143737555,0.038983006052493836,0.015745607329415722,0.03563549199704788,0.07186375174017778,0.02851478222502039
240,1.0,1.0,1.0,1.0,1.0,1.0,0.9961200151268762,0.9990186790852646,0.8927915447407554,0.9759811552767798,0.8846061167160317,0.647578701714112
241,0.0,0.0,0.0,0.0,0.0,0.0,0.5737443078291696,0.33667435911979493,0.014294752711273253,0.009046624546615676,0.2646707088992119,0.01385623340216972
242,1.0,0.0,0.0,0.0,0.0,0.0,0.7597601038391455,0.5936288630696356,0.06288464103806164,0.06852366508276284,0.7230543520037254,0.043464226214961994
243,1.0,1.0,1.0,1.0,1.0,1.0,0.9909472182009011,0.9967711589990985,0.6988495888994443,0.7663277655859905,0.8786304366830664,0.48109937487139975
244,1.0,1.0,0.0,0.0,0.0,0.0,0.9685359621336432,0.9768667673804251,0.01163632665081511,0.03272330976763195,0.6023447890418835,0.02121247647191885
245,1.0,1.0,1.0,1.0,1.0,1.0,0.9882969230115157,0.996495281200479,0.9706383658531941,0.9838485989371646,0.9870321141651764,0.7744393437909676
246,1.0,1.0,1.0,1.0,0.0,1.0,0.8504375931650486,0.862145345631335,0.8548653075822792,0.8981642265304346,0.8175175037046418,0.8372648553016269
247,0.0,1.0,1.0,1.0,0.0,1.0,0.20362316099138353,0.34187314846196043,0.8665756372994374,0.6652142194494521,0.4556678479809574,0.3874591690765165
248,0.0,0.0,0.0,0.0,0.0,0.0,0.025061174061829422,0.020023618200451083,0.011320846653062131,0.02951593895840968,0.06494576168128068,0.018293954855328066
249,1.0,1.0,1.0,1.0,1.0,1.0,0.9178697535836742,0.9726431141059835,0.9078006295123404,0.978730496195985,0.9382010078910631,0.9498858578984739
250,1.0,1.0,0.0,1.0,1.0,1.0,0.6843340407872125,0.792184612463781,0.014686926868844078,0.5158847467607718,0.8824753723643802,0.8931167571433738
251,0.0,0.0,0.0,1.0,1.0,0.0,0.026570593871399147,0.02189683907253186,0.009636092738235218,0.015517184657969398,0.04128550965257968,0.012811330815953786
252,1.0,1.0,0.0,0.0,0.0,0.0,0.9915069303528304,0.9951533030301373,0.6273337321084597,0.4261999110913913,0.7501703107657882,0.24135877983414575
253,1.0,1.0,1.0,1.0,1.0,0.0,0.9899608134906814,0.9967391712039956,0.9361892684821572,0.9619371231937938,0.9593061092459721,0.5314237607623532
254,1.0,1.0,1.0,1.0,1.0,1.0,0.7178439744161849,0.951719960696037,0.9528706017649861,0.9586908854467204,0.7107514012488585,0.8379391796637059
255,0.0,0.0,1.0,1.0,0.0,1.0,0.09798749773920665,0.5635928281821225,0.7896368375322542,0.6789530851628096,0.21958317585138493,0.43354664156345857
256,1.0,1.0,1.0,1.0,1.0,1.0,0.5579211247911052,0.9139230570170979,0.9825614454851945,0.9605897870379291,0.7510696469137456,0.8956962615169061
257,0.0,1.0,1.0,1.0,1.0,1.0,0.4937924508914329,0.9673503034601366,0.8964583787494285,0.923994655412395,0.6149856164300218,0.8727184094085949
258,1.0,1.0,0.0,0.0,1.0,0.0,0.9650792542714302,0.9813423167605241,0.019792596490901523,0.031223352982059322,0.5665844631502175,0.0390881501619351
259,1.0,1.0,1.0,1.0,1.0,1.0,0.8896761745976183,0.9849110236753316,0.894130361854744,0.9719602098840414,0.9755827689220138,0.9456492935457632
260,0.0,0.0,0.0,0.0,1.0,0.0,0.07667263363230323,0.049870726687682505,0.030954870725884553,0.041246558552332925,0.13368115623326488,0.050892700756430674
261,1.0,1.0,0.0,0.0,1.0,0.0,0.9793639205962347,0.9926156049819727,0.15101692191026306,0.1747965599347306,0.5242042437622471,0.12469531902414732
262,1.0,1.0,0.0,0.0,1.0,0.0,0.9780813730562741,0.9517335040923456,0.025139979390141752,0.09403237194300156,0.9551616141427949,0.4649403609426164
263,1.0,1.0,0.0,0.0,1.0,0.0,0.9723166691011162,0.9899433410201169,0.010517914349065079,0.03425520482240039,0.9612594208763489,0.012272726495102118
264,1.0,1.0,0.0,1.0,1.0,1.0,0.9931314514814782,0.9976947646629646,0.804714012222667,0.9498698260533432,0.9863407904026713,0.5745712861135741
265,0.0,0.0,0.0,0.0,0.0,0.0,0.03835551054984953,0.02899033614180648,0.016031730940323268,0.04242457203707465,0.1101545266371371,0.024395874674665946
266,0.0,0.0,0.0,0.0,0.0,0.0,0.02499823039980727,0.01796288150995095,0.010268295254456829,0.029257838370107658,0.06004112839281054,0.01909966649397107
267,1.0,1.0,0.0,0.0,1.0,0.0,0.9801008235997789,0.9950143591867274,0.36730042046838146,0.16722736886153938,0.9339130131592029,0.05384344304586914
268,1.0,1.0,1.0,1.0,1.0,0.0,0.9839162323877949,0.9980820278714181,0.8965837892123116,0.5406302782942528,0.8763391665664465,0.2416231142700819
269,1.0,1.0,1.0,1.0,1.0,0.0,0.9884411129388133,0.9987170439593747,0.6831710490678132,0.8223119217871175,0.9143875903862705,0.28042651055589873
270,0.0,0.0,0.0,0.0,0.0,0.0,0.047018314262702705,0.03586860453545516,0.016335848707437584,0.09376465609041151,0.16385175723289516,0.04782563873725965
271,0.0,0.0,0.0,0.0,0.0,0.0,0.03478835615454132,0.040350743931707296,0.011048727251486439,0.036928821002839396,0.07018782283906287,0.018649239852508354
272,1.0,1.0,1.0,1.0,1.0,0.0,0.9891172416401847,0.9982781401679032,0.9156097042132728,0.9269344131758676,0.9427181469384673,0.5720154421680517
273,1.0,1.0,1.0,1.0,1.0,0.0,0.9922305907980465,0.9991948883872098,0.9492707117373568,0.9709425900178025,0.9737803460129545,0.712456875552283
274,1.0,1.0,1.0,1.0,1.0,0.0,0.9922883774067658,0.9983133664105827,0.9429143625067465,0.9709104238763779,0.9778187423274334,0.5137551571416714
275,0.0,0.0,0.0,0.0,0.0,0.0,0.0271313467429802,0.010182311312389296,0.011946459743166375,0.02770691733052898,0.07146258706151368,0.021849910773324373
276,1.0,1.0,1.0,1.0,1.0,1.0,0.9920997418761366,0.9978245219546945,0.928262804641288,0.8820349464051099,0.6432743582100398,0.36363258383438185
277,1.0,1.0,0.0,0.0,1.0,0.0,0.9766371189969798,0.9643377419698403,0.018114682704947718,0.02769783329365692,0.5889451045316177,0.013069161062227583
278,1.0,1.0,1.0,0.0,1.0,0.0,0.9897176726011656,0.9983241907177679,0.8857341756327097,0.9222627744113807,0.9029682636414762,0.6204678348571852
279,1.0,1.0,1.0,1.0,0.0,0.0,0.9884561113890799,0.9975748240455979,0.8475973501573988,0.7953548454686717,0.8195146608061578,0.5083870918305073
280,0.0,0.0,1.0,0.0,0.0,0.0,0.1261541272903319,0.828547764750819,0.8736949340166571,0.6767239352462637,0.2617226195503741,0.4580680131665673
281,1.0,1.0,0.0,0.0,1.0,0.0,0.9562475942481593,0.9707198806605868,0.01854578796283148,0.024629272607656873,0.345055623961444,0.025156770793530868
282,0.0,0.0,0.0,0.0,0.0,0.0,0.026612944821857814,0.038126103521558034,0.011228352771133791,0.03489600644492997,0.07626516051962194,0.020093287385247596
283,0.0,0.0,0.0,0.0,0.0,0.0,0.042092632982198265,0.040671935533536284,0.022917019395741072,0.03268113672818172,0.10353905692247281,0.03436379104555853
284,1.0,1.0,0.0,1.0,1.0,0.0,0.8658787496173372,0.8505599853366441,0.036807011305901305,0.6587131680801609,0.8580350091071498,0.7901898485592704
285,1.0,1.0,0.0,0.0,1.0,0.0,0.6769874549399887,0.6320124369164172,0.012472520982004862,0.026511801030980244,0.5693398900927575,0.017153765029012048
286,0.0,0.0,0.0,0.0,0.0,0.0,0.026507760626687273,0.022954662231194755,0.011649941879312406,0.026357576943610822,0.062474292830478645,0.019410275655833673
287,0.0,0.0,0.0,0.0,1.0,0.0,0.02824866038565136,0.0188843737652029,0.01205337111625414,0.024704004833679374,0.06438834604919982,0.01961345681935104
288,0.0,0.0,0.0,0.0,0.0,0.0,0.02171982839548544,0.01976417732162479,0.008398424300090284,0.04400846376550597,0.05660612457627879,0.019972275810487976
289,1.0,1.0,0.0,0.0,1.0,0.0,0.83530115861443,0.7271531855124539,0.010567571609681064,0.037276302189696596,0.645422278501073,0.015206308436391697
290,1.0,1.0,0.0,0.0,0.0,0.0,0.9841617344187565,0.986811671516625,0.13686693363305177,0.0756232141287993,0.43556728856971183,0.024330199517421776
291,1.0,1.0,1.0,1.0,1.0,1.0,0.9931725694753625,0.9985781608302664,0.9593599783145397,0.9546985310365824,0.9514683929507525,0.7796180416688944
292,1.0,1.0,0.0,0.0,1.0,0.0,0.8559671881799011,0.9323443310371354,0.011964770728591308,0.11364867755874287,0.7853566694468862,0.17539662975471484
293,0.0,0.0,0.0,0.0,0.0,0.0,0.036099449174098554,0.05486426145287384,0.36315662772483803,0.15397339357810405,0.09526162778327081,0.13860080047513063
294,0.0,0.0,0.0,0.0,0.0,0.0,0.3365145331509147,0.29277969863193876,0.728454350091277,0.4845762223194033,0.6279248916192494,0.4451692082034769
295,0.0,0.0,0.0,0.0,0.0,0.0,0.0209582745705746,0.027743714885878224,0.01315594228585077,0.030858308805918146,0.06157040228542707,0.01642696903979602
296,0.0,0.0,0.0,1.0,1.0,0.0,0.024493280050413003,0.018593639042799225,0.012065667015504922,0.03230035593954006,0.06775257127891261,0.02382856869563749
297,0.0,1.0,1.0,1.0,0.0,1.0,0.5126371160991127,0.9644731287071484,0.9270842318758261,0.9403350706957372,0.4864246453226864,0.8428177639887284
298,1.0,1.0,1.0,1.0,1.0,1.0,0.9916466577394154,0.9990301227135882,0.9272640389698121,0.9489331451032107,0.8804844012577822,0.6443581867813218
299,1.0,1.0,1.0,1.0,1.0,1.0,0.986436830770953,0.9968775843216181,0.7926500000815464,0.5435657462830227,0.7576873982815637,0.4075740138951774
300,0.0,0.0,0.0,0.0,0.0,0.0,0.34566498576169563,0.5705573777184533,0.006958174977018043,0.13415998924619016,0.6669990468214094,0.27930879095589445
301,0.0,0.0,0.0,0.0,0.0,0.0,0.03647790860452604,0.09096408060793347,0.018921048118027965,0.042958873086798716,0.31801532970869023,0.02756457859613333
302,1.0,1.0,1.0,1.0,1.0,0.0,0.9867684710501834,0.9981976735958558,0.8815902670208534,0.8637559808801637,0.8298372795293761,0.3907233241842211
303,0.0,0.0,0.0,0.0,0.0,0.0,0.10081175801876317,0.08443466059440023,0.04802427448720877,0.1048627401937185,0.14128474506533797,0.12403143497622583
304,0.0,0.0,0.0,0.0,0.0,0.0,0.0393107269207911,0.029488837579698845,0.014037165971909599,0.029530816735211813,0.08570141799947367,0.030065287966689544
305,1.0,1.0,1.0,0.0,0.0,0.0,0.8503817407139713,0.9284306663369826,0.4686584635731953,0.4198292704816146,0.48149601213532517,0.480602541605825
306,1.0,1.0,0.0,0.0,0.0,0.0,0.9641108287039721,0.9696071080483932,0.010969317281392256,0.02334397455167446,0.7371028835949208,0.00971679324462946
307,1.0,1.0,0.0,0.0,0.0,0.0,0.9756444918958379,0.9705776765712694,0.01000468264823462,0.02515552591059912,0.567904477343719,0.0070597128995742815
308,0.0,0.0,0.0,0.0,0.0,0.0,0.023674967440585976,0.028878127394509803,0.012746881636322366,0.0336422721445344,0.07571840972731096,0.02714938326822901
309,1.0,1.0,1.0,1.0,1.0,0.0,0.9912702023274047,0.9968234782513664,0.7450666134417784,0.7111767377484868,0.8115133270227798,0.2158246425846272
310,1.0,1.0,1.0,1.0,0.0,0.0,0.9889604546540087,0.996627504283769,0.6865730456869605,0.5565443984477193,0.6280158892246808,0.19977272628204254
311,1.0,1.0,0.0,0.0,1.0,0.0,0.9936884786309431,0.9916631155396674,0.02300303410861612,0.042746729069727846,0.9316394022350813,0.26232891244735723
312,1.0,1.0,0.0,0.0,0.0,0.0,0.9886953228182818,0.9888331959532319,0.08615724231415708,0.15491786710001057,0.6710993526006671,0.0684283772313212
313,0.0,0.0,0.0,0.0,0.0,0.0,0.029005102598039952,0.034295582756240006,0.014393137149836994,0.031155704422176255,0.06799137420338339,0.02190408807086621
314,1.0,1.0,1.0,0.0,1.0,0.0,0.9934343733549715,0.9987053301801325,0.8733635870746932,0.7824104797331888,0.869061091866389,0.47010621345991765
315,0.0,0.0,0.0,0.0,0.0,0.0,0.07667263363230323,0.049870726687682505,0.030954870725884553,0.041246558552332925,0.13368115623326488,0.050892700756430674
316,1.0,1.0,1.0,1.0,1.0,1.0,0.9950890264149698,0.9976636748596659,0.9591010519588794,0.9493323731336891,0.9555460513163789,0.5970159317510148
317,1.0,1.0,0.0,0.0,1.0,0.0,0.9757728738065198,0.9816140108591905,0.01179479065925194,0.02708160074245052,0.5384202141953267,0.020403455722421044
318,0.0,1.0,1.0,1.0,1.0,1.0,0.5087171714213475,0.8793606803712907,0.9667557271873773,0.9432171445900613,0.6817825730359334,0.8711352105255576
319,1.0,1.0,0.0,0.0,0.0,0.0,0.9863232643519468,0.9868721496235006,0.22540333972449858,0.18062946133751345,0.5954194095422464,0.04984919277684597
320,1.0,1.0,0.0,0.0,1.0,0.0,0.9635994435198627,0.984328337159085,0.007808454948138446,0.01682735099335285,0.9117894696855131,0.004696655718543091
321,0.0,0.0,0.0,1.0,1.0,0.0,0.2500758238703557,0.3154057061558952,0.41224506419043216,0.28939433925135516,0.23248667730259678,0.3705657562946086
322,1.0,1.0,1.0,0.0,1.0,0.0,0.9903392601646793,0.999113889059332,0.8509679002982924,0.8025497154824897,0.8267230559184504,0.27177421306937605
323,1.0,1.0,1.0,1.0,1.0,1.0,0.9921241381015767,0.9986186063995494,0.9323469953005646,0.966526958061587,0.8882963328074629,0.6502285637599705
324,0.0,0.0,0.0,0.0,0.0,0.0,0.02461625258718233,0.015328017665187228,0.010682118147819676,0.0252430309487455,0.060313627805257806,0.01974731430036339
325,1.0,1.0,0.0,0.0,1.0,0.0,0.9729165080077505,0.9857804420180996,0.034981284576427366,0.05013459608437306,0.7086926952593058,0.04840821761355085
326,1.0,1.0,1.0,1.0,1.0,0.0,0.9780726026768417,0.9944527476755145,0.874383219569347,0.9426825205202071,0.9598278363729434,0.15390478072600147
327,0.0,0.0,0.0,0.0,0.0,0.0,0.02634926336791419,0.022377573625871613,0.010937665904342905,0.028688633745686073,0.06278900005171681,0.01852872158809822
328,1.0,1.0,1.0,1.0,0.0,1.0,0.9884481414160973,0.9957253628364511,0.7122273501314835,0.686573767586463,0.5692301487046473,0.3177921060127576
329,1.0,1.0,1.0,1.0,1.0,0.0,0.9840154071444734,0.9980570518270104,0.8573020213712225,0.8997193930210147,0.9739026574901948,0.12171425868557813
330,0.0,0.0,0.0,0.0,0.0,0.0,0.0539931133270688,0.12579390110227046,0.11444475369219755,0.0745572055646054,0.06797399703475397,0.10048017159676526
331,0.0,0.0,0.0,0.0,0.0,0.0,0.05888682212730918,0.06628152146501692,0.026055724446005346,0.05133216038585089,0.07975356036587407,0.0319054675365931
332,1.0,1.0,1.0,1.0,0.0,0.0,0.9911813929608172,0.9965748120223461,0.7586903144294386,0.5949981364429825,0.7435226342147833,0.6187855279789459
333,1.0,1.0,0.0,0.0,1.0,0.0,0.985771170904252,0.9870316164590183,0.03654404800777088,0.08340250953992973,0.7101325959698283,0.05669307868622387
334,0.0,0.0,0.0,0.0,0.0,0.0,0.02455131240204619,0.021090438022490516,0.01147730323113738,0.02470521096537134,0.057456642508698134,0.01759545687247131
335,1.0,1.0,1.0,1.0,1.0,0.0,0.9828159823031534,0.9984068723309053,0.6238377828962441,0.8852508561648309,0.9758262157783959,0.1544311319987163
336,0.0,1.0,1.0,1.0,1.0,1.0,0.2549896040022496,0.9463481660734366,0.8596454494905011,0.9026482973569432,0.8081725177406773,0.6439999614379919
337,1.0,1.0,1.0,1.0,1.0,0.0,0.9929185081713869,0.9991664416869984,0.8718508151500536,0.9332322885968817,0.8344012581457183,0.43775509922044537
338,0.0,0.0,0.0,0.0,0.0,0.0,0.028886106657542765,0.035375353391364696,0.014137505417345412,0.03410430758037748,0.05735503837692409,0.023653529231865107
339,0.0,0.0,0.0,0.0,0.0,0.0,0.04052917625135664,0.046190448305318564,0.014609711830302248,0.037022677509934473,0.07403549068108682,0.030269382412693068
340,1.0,1.0,1.0,1.0,0.0,1.0,0.9202420741767268,0.9746913453292654,0.7780719639075369,0.9193376639620043,0.8980296080847024,0.7705048304342785
341,1.0,1.0,1.0,0.0,1.0,0.0,0.98591289305946,0.99236542327439,0.4750687659315427,0.47553218028504096,0.8024598511933182,0.13065858514032014
342,0.0,0.0,0.0,0.0,0.0,0.0,0.04632568433424032,0.059233783999791643,0.026229050267195828,0.04612908682997299,0.09124715814936232,0.05250343634847291
343,0.0,0.0,0.0,0.0,0.0,0.0,0.028036180562107795,0.0312556158739802,0.014275591682911658,0.03460039253895025,0.06893021602769046,0.02129978588567321
344,0.0,1.0,0.0,1.0,1.0,0.0,0.12901800577614136,0.9490852118297627,0.48484521881636417,0.5888940450284897,0.7667079743471502,0.1447944692651264
345,0.0,0.0,0.0,0.0,0.0,0.0,0.022674348300316657,0.01120653156143914,0.0073270724643491915,0.021178393926184143,0.05412020579952586,0.02252598997725768
346,1.0,1.0,0.0,0.0,0.0,0.0,0.9759609532085177,0.9872554141477764,0.10799534292750683,0.12805110275908266,0.8143694083890588,0.07048663338697916
347,0.0,0.0,0.0,0.0,0.0,0.0,0.03147484082505055,0.03322382496141934,0.024522827534873164,0.04978087317342148,0.09529819914897457,0.03789389583555503
348,1.0,1.0,1.0,1.0,1.0,0.0,0.9848786498076444,0.9976112709989672,0.8353484660992341,0.8592197671613298,0.8968660037987081,0.4833638727109703
349,1.0,1.0,1.0,1.0,1.0,1.0,0.9918147773358487,0.9990817049965438,0.8946094785513773,0.9281992577959123,0.9238587374375021,0.3748165603537509
350,1.0,1.0,0.0,0.0,1.0,0.0,0.9891513050355459,0.9931812165247488,0.43592229235390473,0.2824447804957868,0.6647969443404836,0.12628650556365154
351,0.0,0.0,0.0,0.0,0.0,0.0,0.026923175460286556,0.03577086420018215,0.014650326931119433,0.03447415577869858,0.05818461738997912,0.023174081179873955
352,1.0,0.0,0.0,0.0,1.0,0.0,0.7750281064806481,0.47480188342159546,0.007876995381208432,0.027878800023244502,0.4529181192820219,0.023102578472488353
353,0.0,0.0,0.0,0.0,0.0,0.0,0.02810252762045699,0.027410741840300647,0.013239342109698127,0.03163092246059353,0.07901401118054237,0.021770058076585923
354,1.0,1.0,0.0,1.0,1.0,0.0,0.9063890429337741,0.6683087103551985,0.009521636741741191,0.13052050895354578,0.8454781612308075,0.8445785033681712
355,1.0,1.0,0.0,0.0,1.0,0.0,0.9866916025846854,0.994141185740876,0.4862458304208895,0.6660418030614058,0.8372483476402127,0.3623320370823316
356,1.0,1.0,1.0,0.0,1.0,0.0,0.9827879160751398,0.9974367589828885,0.6551517735598607,0.5694718085801486,0.7257870171338862,0.27847449514393136
357,0.0,0.0,0.0,0.0,0.0,0.0,0.026433276704404804,0.01778051207513699,0.010415453279919423,0.01616588613395191,0.04762285716741346,0.011959964688319325
358,0.0,0.0,0.0,0.0,0.0,0.0,0.02902720650552408,0.03267571298890838,0.01564562561617905,0.03273629502959439,0.07231216898341818,0.030556600998745947
359,0.0,0.0,0.0,0.0,0.0,0.0,0.026271683272698316,0.018633638298163672,0.009128190415242498,0.024835035804444162,0.06483451015043513,0.01659472446888666
360,0.0,1.0,0.0,0.0,0.0,0.0,0.6250407092972019,0.36970255242351263,0.016021487095976495,0.019338494189337446,0.41636474946353685,0.02259201036012551
361,1.0,1.0,1.0,1.0,1.0,1.0,0.991836015543415,0.9990910854270065,0.946075455144607,0.9649983181439605,0.9189494953955889,0.6572774824828179
362,1.0,1.0,0.0,0.0,1.0,0.0,0.9725138987132513,0.9857088000319139,0.2087252387436708,0.09192813850800921,0.5693192535721615,0.06137382975392755
363,1.0,1.0,1.0,1.0,1.0,1.0,0.4383175097411851,0.9147505082932493,0.9245317334902969,0.8925852674936346,0.5006204496280319,0.8344239435896954
364,0.0,1.0,1.0,1.0,1.0,1.0,0.5364016032381381,0.9702384871128447,0.948238168442576,0.9718746892028647,0.49290501159973016,0.925298096020537
365,1.0,1.0,1.0,1.0,1.0,0.0,0.9931998080533798,0.9984589157034687,0.9409325775667327,0.9600918579347879,0.878829522906265,0.4746183818777735
366,0.0,0.0,1.0,0.0,0.0,0.0,0.03917778043503709,0.07845747247398963,0.4203105394248236,0.15971004428989394,0.12327301855779023,0.09250964324425581
367,1.0,1.0,1.0,1.0,1.0,0.0,0.9890382995807313,0.9975646944481315,0.6378100150208975,0.8459495392491927,0.8870671622347479,0.12250431168214812
368,1.0,1.0,0.0,0.0,0.0,0.0,0.9682122470556632,0.9776692035792629,0.02290978657951972,0.03945352108340947,0.6025795618378347,0.023012350444419724
369,0.0,0.0,0.0,0.0,0.0,0.0,0.02983586817072929,0.025383593062387275,0.013627454705249481,0.028346773682050363,0.07522370317718528,0.028215218338535797
370,0.0,0.0,0.0,0.0,0.0,0.0,0.039708635146690825,0.03079500753749323,0.015333788927791189,0.021574457517710165,0.02842859811921429,0.04037256868879676
371,1.0,0.0,0.0,0.0,0.0,0.0,0.9755816236597792,0.9779534231144476,0.07638352621993888,0.058118068040901534,0.656247390045021,0.05013223953906076
372,1.0,1.0,1.0,1.0,1.0,1.0,0.9889408774615992,0.9958762999328628,0.24949770416568295,0.3598809815918576,0.9561772478249183,0.03754794996083488
373,1.0,1.0,0.0,0.0,0.0,0.0,0.9690119061003445,0.980973046223309,0.010529974703728944,0.018926757978605022,0.7109835748340265,0.007522527648163546
374,0.0,0.0,0.0,0.0,0.0,0.0,0.7742565203352516,0.6579298327933727,0.09820443678292685,0.12723699080996378,0.4804616275196376,0.06197118078943498
375,0.0,0.0,0.0,0.0,0.0,0.0,0.0406221581023627,0.028338425606562554,0.010640578342140774,0.029918327463711175,0.05946460891111567,0.025922416483757146
376,1.0,1.0,1.0,1.0,1.0,1.0,0.994545225133344,0.9976108229770814,0.8566559757583823,0.8434069747296447,0.9208443978331996,0.7102737503170441
377,0.0,1.0,1.0,0.0,0.0,1.0,0.23056202353349495,0.6137065695173461,0.8541163367112046,0.710016471138626,0.3791458319579063,0.4325574469582604
378,0.0,0.0,0.0,0.0,0.0,0.0,0.02759665968410273,0.017439416738492225,0.012844971771540039,0.03315659055187574,0.06762629320389496,0.021772416571953456
379,1.0,1.0,0.0,0.0,1.0,0.0,0.9830752129365741,0.9983558378318318,0.8097262614225696,0.8318316057759858,0.8747998686428787,0.1946209279663665
380,1.0,1.0,0.0,0.0,1.0,0.0,0.9675209921954878,0.9379617170388225,0.01639486540661331,0.025659649337017778,0.49298262438120577,0.014379880502462267
381,1.0,1.0,1.0,1.0,1.0,1.0,0.7544748174924789,0.9881036403453652,0.9254208245269696,0.9932470441544053,0.9597288859883241,0.9177029322503243
382,0.0,0.0,0.0,0.0,0.0,0.0,0.03083501304085104,0.03988730425412645,0.012555656521009647,0.03876952593999815,0.06322677407943755,0.02100546074918795
383,0.0,1.0,1.0,1.0,1.0,1.0,0.26772135630370214,0.9342844616456142,0.8789005890091863,0.8646258504216335,0.3394869833634113,0.7968663782407936
384,1.0,1.0,0.0,0.0,0.0,0.0,0.9798234959273606,0.9905585661901176,0.14296155773927396,0.11106103763435853,0.555749763923564,0.04788750344081613
385,1.0,1.0,1.0,1.0,1.0,1.0,0.5084914220337858,0.9405765130444514,0.9711580311710537,0.9558558402612342,0.6042918735254836,0.8466218394195503
386,1.0,1.0,1.0,1.0,1.0,1.0,0.9078258988499217,0.9855497799884279,0.967064925499437,0.9737603993776076,0.9854162330377454,0.8921849523440395
387,1.0,1.0,1.0,1.0,1.0,1.0,0.3135545562099279,0.7231480736541633,0.8227485880838741,0.8243326824018232,0.4211390976953536,0.7504664619318933
388,0.0,0.0,1.0,1.0,0.0,0.0,0.37856427191123887,0.7995945356953277,0.9422325327365453,0.8995754748810108,0.37031651482213085,0.7250916007664073
389,1.0,1.0,1.0,1.0,1.0,0.0,0.9898847449044691,0.9989264731259694,0.9155071128677463,0.9619526655942696,0.948775736779268,0.7134464489527287
390,1.0,1.0,0.0,0.0,0.0,0.0,0.9891125385111879,0.9950718011436321,0.7130907691109223,0.5610363951013734,0.7580258023544334,0.235230858320868
391,0.0,0.0,0.0,0.0,0.0,0.0,0.0318689943103119,0.034676441079529344,0.015600765390390878,0.032822216175847824,0.06630011423231315,0.020324959657283787
392,1.0,1.0,0.0,0.0,1.0,0.0,0.9891633113908752,0.9890283822847962,0.14559385097476651,0.2574627195963269,0.8566357388403958,0.14409030942406698
393,0.0,0.0,0.0,0.0,0.0,0.0,0.028017575040978092,0.022965893719432917,0.01069024459065319,0.028454244804485312,0.07182909355135586,0.02759445464416165
394,0.0,0.0,0.0,0.0,0.0,0.0,0.02403151187601075,0.022686297334034333,0.01193577832400059,0.030374793539141548,0.051489037262317974,0.02290108583839024
395,1.0,1.0,0.0,0.0,0.0,0.0,0.9596624431544166,0.9491564128399281,0.021806771539335655,0.020334262481171966,0.5465553827739494,0.02002469961670097
396,1.0,1.0,1.0,1.0,1.0,1.0,0.989060129326285,0.9985056604579268,0.8869483333904137,0.9219111840477806,0.904875314324933,0.445245013491657
397,1.0,1.0,1.0,1.0,1.0,1.0,0.9944020520192822,0.9990376724435244,0.9154383452589858,0.9568142214550666,0.90066771022565,0.7066092142455466
398,0.0,0.0,0.0,0.0,0.0,0.0,0.024499385918154676,0.021200664003166465,0.012011060485118888,0.02972197739942832,0.06044491354332039,0.03177135283209503
399,1.0,1.0,1.0,1.0,1.0,1.0,0.7317006063821744,0.9601586233578181,0.9496778477155762,0.9761351163312817,0.5586446608044652,0.8071054431386158
400,1.0,1.0,1.0,0.0,1.0,1.0,0.9795754464171803,0.9977935192662162,0.7101021256212006,0.616529299058893,0.7134110985943712,0.16845363883346604
401,0.0,0.0,0.0,1.0,0.0,0.0,0.06461411863823174,0.11786638480250305,0.48430112389906005,0.26194259059168745,0.1790563675696224,0.16162704257214427
402,0.0,1.0,1.0,1.0,1.0,1.0,0.5745356190044334,0.9673496813595824,0.6647527790513259,0.8970450752456214,0.9351413681267098,0.7357712879233992
403,0.0,0.0,0.0,0.0,0.0,0.0,0.03514813508543465,0.04701609890833786,0.009677235756878597,0.03710274225080827,0.07806772259663104,0.01647016327046085
404,1.0,1.0,1.0,1.0,0.0,0.0,0.9928969348613675,0.9982403936021811,0.8988022029802523,0.8153302504412919,0.8238321345861445,0.29131248402697557
405,1.0,1.0,1.0,1.0,1.0,1.0,0.7017991056054713,0.918180449287678,0.9536776426674207,0.9278026600581349,0.7697787425568416,0.7147681582748536
406,0.0,1.0,1.0,1.0,1.0,0.0,0.06586892687599666,0.8927697388587857,0.6657587749684868,0.9089314658516282,0.8418150361592862,0.03726934816298696
407,0.0,0.0,0.0,0.0,0.0,0.0,0.38643313688531594,0.6633715318979048,0.008442790787770832,0.16162758287451576,0.7357777387136996,0.33545702062887617
408,1.0,1.0,1.0,1.0,0.0,1.0,0.9889632766419558,0.9990085687633479,0.8931835904795912,0.8806086100561715,0.8412652307596817,0.4486307860026411
409,1.0,1.0,1.0,1.0,1.0,1.0,0.345686511538877,0.8813914592773174,0.9018218615368931,0.8335037748117806,0.4098218676465797,0.7820184160516035
410,1.0,1.0,0.0,0.0,1.0,0.0,0.9854591863939,0.996230033539882,0.6086332709893906,0.5942679396392222,0.7270185890105522,0.13227420558738634
411,0.0,1.0,1.0,0.0,1.0,0.0,0.1366528663111133,0.36797819681951793,0.6759494176803218,0.3467055716066604,0.6652610700185438,0.20961296534785206
412,0.0,0.0,0.0,0.0,0.0,0.0,0.03790198544642914,0.04189283317369185,0.01476990882751483,0.03777663847295947,0.1067400870828564,0.02619112127290645
413,1.0,1.0,1.0,1.0,1.0,1.0,0.9886565576324708,0.9988118005540138,0.9114247852711925,0.806933845606939,0.796780544810709,0.3898974168742517
414,0.0,1.0,1.0,1.0,1.0,1.0,0.7241592920214227,0.955780986349193,0.9770756974974272,0.9589384575989446,0.9016794014869373,0.838572759304781
415,1.0,1.0,1.0,1.0,1.0,0.0,0.988954357998639,0.9972155084828427,0.6909571559202383,0.8139557327418377,0.9490508525109309,0.30228955971586413
416,1.0,1.0,1.0,1.0,1.0,1.0,0.9883575828494577,0.9987442705173202,0.9340078806406946,0.9525056077304647,0.9344938126417773,0.6543534874677135
417,1.0,1.0,1.0,0.0,1.0,1.0,0.9941303544303527,0.9990765978974818,0.8863838614815197,0.9388608062032483,0.8928205018303813,0.3797388192833527
418,1.0,1.0,1.0,1.0,1.0,1.0,0.98961512615564,0.9978542883591249,0.9533458547881394,0.9237527162750063,0.9500376530337666,0.5776777075852583
419,1.0,1.0,1.0,1.0,1.0,1.0,0.8917678397039477,0.9833758615897383,0.9831282810251578,0.9861006443283272,0.9672300219752592,0.9755233638639721
420,1.0,1.0,1.0,1.0,1.0,1.0,0.9923008401295406,0.9990942021878841,0.8909168899868651,0.9285944956564561,0.8885858673974485,0.3748165603537509
421,1.0,1.0,1.0,1.0,1.0,1.0,0.9919790539179384,0.9986449065974644,0.9758729766251572,0.9924639260263582,0.9855900270036183,0.7175158206369072
422,1.0,0.0,0.0,0.0,0.0,0.0,0.9828233715747718,0.997796314533367,0.776207243790428,0.5795773459251339,0.7359134549007862,0.1810975800943358
423,1.0,1.0,0.0,0.0,0.0,0.0,0.9716106101854576,0.9793178194043177,0.011398340655693232,0.021614753872339486,0.5303687788055162,0.013719797412244435
424,0.0,1.0,1.0,1.0,1.0,1.0,0.298514999192457,0.908152773267547,0.9719745505360662,0.9333732024763205,0.48427913278100376,0.8937112427084533
425,1.0,1.0,1.0,1.0,1.0,1.0,0.9929621733523109,0.9987328789916659,0.9146163012460106,0.7785214982196482,0.7996536912717924,0.23082663118317062
426,1.0,1.0,0.0,0.0,0.0,0.0,0.9707046640859945,0.9355022511179898,0.01678755417277634,0.0227128365633216,0.5087117749180429,0.01609178451558223
427,1.0,1.0,1.0,1.0,1.0,1.0,0.9935449408461683,0.9976037544838365,0.8717171438195228,0.9215513633448776,0.9625251075787822,0.3979466266308682
428,1.0,1.0,1.0,1.0,1.0,1.0,0.6011222861206752,0.9774274167850827,0.9763147810838213,0.9785692222946034,0.7723157353101082,0.9377037536115951
429,1.0,1.0,1.0,1.0,1.0,0.0,0.8353432323530928,0.9798801842926137,0.7469517182133292,0.622146369371112,0.7885771152300676,0.17719088641861724
430,0.0,0.0,0.0,0.0,0.0,0.0,0.02961344941684217,0.03682349732616887,0.015931113659592096,0.04739428245404329,0.06842069969364087,0.03372195864896015
431,1.0,1.0,1.0,0.0,1.0,1.0,0.9894474499851447,0.997255792287348,0.8261551311905638,0.6196576827013641,0.720370515137842,0.4910779404890762
432,0.0,0.0,0.0,0.0,0.0,0.0,0.08350857340128837,0.03408513283168421,0.022747352489714198,0.04569968147979842,0.1273035616558062,0.038272892777475344
433,1.0,1.0,1.0,1.0,1.0,1.0,0.7218332074557033,0.9526797509600166,0.9496053686290442,0.9557606955988399,0.7899984250149161,0.8315980349604013
434,0.0,0.0,0.0,0.0,0.0,0.0,0.0322188346306433,0.01989049724929341,0.012588258007023333,0.02416211694305778,0.07101167485888193,0.019503172315079267
435,1.0,0.0,0.0,0.0,0.0,0.0,0.8656525380367048,0.774019901690736,0.04938274558464803,0.104141001867199,0.4368515020381446,0.1466571769976481
436,1.0,1.0,1.0,1.0,1.0,0.0,0.9792806143105507,0.9973842610262318,0.90130033321725,0.7498167914861483,0.9118987979475027,0.4769335829388142
437,1.0,1.0,1.0,1.0,1.0,0.0,0.994960632254857,0.999339506296994,0.9407609607278732,0.9558524087814384,0.955258763364565,0.6004222177759991
438,0.0,0.0,0.0,0.0,0.0,0.0,0.0269922015801275,0.016703695252437572,0.012114690202464874,0.030253256292080713,0.023867275217974937,0.023927419893340837
439,1.0,1.0,1.0,0.0,0.0,1.0,0.9937504032577953,0.9982542439210387,0.9474783607560128,0.7362683530993237,0.808976884921194,0.4075171078014813
440,1.0,1.0,0.0,0.0,1.0,0.0,0.9870902672102742,0.994776098916947,0.17664547585217338,0.4330277639187544,0.9305640110230683,0.13852715845915897
441,0.0,1.0,1.0,1.0,0.0,1.0,0.3118869994995197,0.828585277741058,0.9405042777508851,0.8159522949967651,0.32495690523649184,0.8470143345249808
442,0.0,1.0,1.0,1.0,0.0,1.0,0.2432966549435639,0.8899011234615234,0.8968585189029963,0.9184607664023302,0.5756581041923732,0.8548503902425778
443,1.0,1.0,1.0,1.0,1.0,0.0,0.9927017149726779,0.9985872006260185,0.9419911178504496,0.9430483630332298,0.8840564157591179,0.38215494716824155
444,0.0,0.0,0.0,0.0,0.0,0.0,0.5924633765096315,0.8475951279053324,0.005185299606389561,0.015328157800179217,0.6598768016548475,0.006912008756472112
445,1.0,1.0,0.0,0.0,1.0,0.0,0.7448938342721337,0.7473306707038052,0.14967129474028204,0.23888882885559035,0.6447824346469261,0.1475981727169332
446,0.0,0.0,0.0,0.0,0.0,0.0,0.02675003945237747,0.021459579750698083,0.011539905113821376,0.027720554441290464,0.0693794847915831,0.02049004626109887
447,0.0,0.0,0.0,0.0,0.0,0.0,0.02673036223694458,0.02214912149244325,0.011557366854055933,0.028171691002926935,0.06351453930048742,0.01868482437904486
448,1.0,1.0,0.0,0.0,1.0,0.0,0.975919633230716,0.9871264582115465,0.05532369183110047,0.10993667599304963,0.7379016772214746,0.05188342910043782
449,0.0,1.0,0.0,1.0,1.0,0.0,0.36224664438482596,0.9607630811972482,0.811500442109511,0.8673534836070876,0.8542126595940496,0.5772847718175026
450,0.0,0.0,1.0,0.0,0.0,0.0,0.11334384246686952,0.2455335721464119,0.6708134493766281,0.5320530080861374,0.2450419278811616,0.4323747814995613
451,1.0,1.0,1.0,1.0,1.0,1.0,0.5209897921985067,0.9412258555055258,0.979827976988447,0.9710159774279942,0.7001980123593967,0.8742769388912736
452,0.0,1.0,1.0,1.0,0.0,1.0,0.16956137979381744,0.2620548039638332,0.9028455179903816,0.6846935384723392,0.4896191023257523,0.6594185592024963
453,1.0,1.0,1.0,1.0,1.0,1.0,0.989763906604182,0.99850081314436,0.8627610026017852,0.9096969175331853,0.9297700602498113,0.3947182794362067
454,0.0,0.0,0.0,0.0,0.0,0.0,0.02531476979937909,0.02371959852826613,0.010285397613798495,0.03030311349308249,0.0530249658080722,0.021305185048080273
455,1.0,1.0,1.0,1.0,1.0,1.0,0.5605255190355372,0.9852031051553507,0.9675370351612192,0.9848148738833511,0.6034970711781743,0.9532898065064795
456,1.0,1.0,1.0,1.0,1.0,1.0,0.9948622539927392,0.9990214688376053,0.9549242934770998,0.963003772121149,0.9262919251100955,0.6764127393366858
457,1.0,1.0,0.0,1.0,1.0,0.0,0.9934497881885661,0.9990442440866089,0.8689900246389465,0.9589939191921408,0.9734215146600212,0.28688310999403926
458,1.0,1.0,1.0,1.0,1.0,0.0,0.9910332437616656,0.9979758028420275,0.883839694873646,0.9571465305899146,0.9498606677346926,0.603339438319664
459,0.0,0.0,0.0,0.0,1.0,0.0,0.02592400095507901,0.019017899149217355,0.012048109533789991,0.030031816710822015,0.06097713408345845,0.0242466631076497
460,0.0,0.0,0.0,0.0,0.0,0.0,0.2518067323815363,0.20030784608152846,0.6675550801733343,0.3083512735583075,0.5103019575082554,0.31540394244308145
461,0.0,0.0,0.0,0.0,0.0,0.0,0.025978442744792964,0.02374689982368255,0.011933131166461051,0.026025382629901908,0.0656767680717291,0.017604133901506898
462,0.0,0.0,0.0,0.0,0.0,0.0,0.026124030146005582,0.03131105244990597,0.012023176456932985,0.03795132604439506,0.07631458838019016,0.02639521535688553
463,0.0,0.0,0.0,0.0,0.0,0.0,0.05606253935874301,0.053325587760251834,0.01946152643216352,0.034282275494034224,0.0873923716562595,0.03527512128137245
464,0.0,0.0,0.0,1.0,0.0,0.0,0.026587553311923216,0.033084737057992156,0.013840890137341548,0.030196489665807826,0.06578202343301921,0.02909530087302344
465,0.0,0.0,1.0,0.0,0.0,0.0,0.05361948775035995,0.19320300561758522,0.514599313850235,0.2882188546588822,0.09242167312014414,0.3721845148303475
466,0.0,1.0,1.0,1.0,1.0,1.0,0.7240152889964179,0.9567049632551093,0.978169425787749,0.9592663934076778,0.9019783227762365,0.8439708399525766
467,1.0,1.0,1.0,1.0,1.0,1.0,0.9921755139175266,0.9987970278483579,0.8769642624644857,0.8970131101331104,0.803320024619921,0.43665515467507704
468,1.0,1.0,1.0,1.0,1.0,1.0,0.9892663560333397,0.9955144358548693,0.660781924067124,0.6574630804144085,0.8963927822343312,0.4853192862375644
469,1.0,1.0,0.0,0.0,1.0,0.0,0.9768358622813398,0.9689219308362778,0.034233322659097905,0.07644438186816563,0.6678010348928752,0.04633553431122326
470,1.0,1.0,1.0,0.0,1.0,1.0,0.9875682697073929,0.9945416918087548,0.5458469979491977,0.5037946884375493,0.8577915481107489,0.24994831054265884
471,1.0,1.0,0.0,0.0,1.0,1.0,0.9941715537727595,0.9922621163257878,0.022966095134217226,0.038592811570722724,0.9299703450988158,0.24345259206200803
472,1.0,1.0,1.0,1.0,1.0,0.0,0.985897853549172,0.9984692334281804,0.8289695706205811,0.9193911388629812,0.9054946018537183,0.32208792266673103
473,1.0,1.0,1.0,1.0,1.0,1.0,0.9868181536310195,0.9988330041470205,0.8884685693662739,0.8977571187868504,0.8223943863087442,0.7064297676313754
474,1.0,1.0,1.0,1.0,1.0,1.0,0.9919349854991384,0.9987535522780177,0.9117293731547031,0.8726264099137597,0.8063945906453183,0.422315702066151
475,1.0,1.0,1.0,1.0,1.0,0.0,0.9902284554331837,0.9971529013543445,0.6244520936523933,0.6163973270912868,0.5731175196984857,0.15166769475556546
476,0.0,0.0,0.0,0.0,0.0,0.0,0.4574433033129819,0.6337356997509518,0.8578151075713838,0.7481300477895769,0.4841259323844548,0.7149960086461996
477,1.0,1.0,0.0,0.0,1.0,0.0,0.9903729009992663,0.9935501777006488,0.45954219182092587,0.17820340239737673,0.6128044232658179,0.17383050583523998
478,1.0,1.0,1.0,1.0,1.0,0.0,0.9918616082039252,0.9983943964243449,0.8262069883199717,0.9042996398472438,0.9601031880043971,0.44364611844885943
479,1.0,0.0,0.0,0.0,0.0,0.0,0.8003676006147985,0.7332189739756323,0.32125842490418755,0.15549264034690088,0.13585095817404405,0.10551650556546069
480,1.0,1.0,0.0,0.0,0.0,0.0,0.976849818589614,0.9914708159935351,0.3647898366772618,0.2455496469917987,0.6159083610173125,0.1779392574656974
481,0.0,1.0,1.0,1.0,1.0,1.0,0.12249887873121705,0.8512664118761498,0.8042281464991201,0.8094782612117419,0.9120947843317191,0.5744747389085442
482,0.0,0.0,0.0,0.0,0.0,0.0,0.027208811035149,0.03880971854261755,0.013469920761251135,0.03710892614751433,0.06380176402544793,0.017123866743220754
483,1.0,1.0,0.0,0.0,1.0,0.0,0.9738420883956859,0.9646875698087587,0.02490864887106332,0.032499966834458535,0.728188049311831,0.021782239822093805
484,0.0,1.0,1.0,1.0,1.0,1.0,0.27368160089082133,0.833286383992895,0.8918264167440637,0.878027773069243,0.3628981704581077,0.8605614178898062
485,1.0,1.0,1.0,1.0,1.0,1.0,0.9946316608475337,0.9993849274447342,0.9070123719951657,0.9450695187695579,0.8537287272275795,0.3839564698550051
486,1.0,1.0,1.0,1.0,1.0,1.0,0.7723827948115793,0.9673383721928658,0.9685891063285289,0.9795620872667112,0.7609565669595498,0.9604432582491225
487,1.0,1.0,1.0,0.0,1.0,0.0,0.9885682190384775,0.9965791630937556,0.7556180293391427,0.5686202943221943,0.7321093751334246,0.21634435945362832
488,1.0,1.0,0.0,0.0,1.0,0.0,0.9758863850599294,0.9876847843841043,0.028556741082041853,0.0662124791742723,0.867896617696838,0.023163981456096026
489,1.0,1.0,1.0,1.0,0.0,0.0,0.18233062527021332,0.11948719437813146,0.3624163111694392,0.2112692536123544,0.3586302136688649,0.31446348559784776
490,0.0,0.0,0.0,0.0,0.0,0.0,0.025636939661012933,0.019695472397704604,0.015986504370396407,0.04243147150724433,0.06208813762721757,0.010345328940813412
491,1.0,1.0,1.0,1.0,1.0,0.0,0.9855326094783262,0.9989111506748878,0.8421761795083904,0.85943447469069,0.8793307975844625,0.48529916867447187
492,1.0,1.0,0.0,0.0,1.0,0.0,0.9271497486364519,0.9266212276263561,0.5956100567331873,0.7650540116522335,0.7513313256739186,0.31755627982559886
493,1.0,1.0,1.0,1.0,0.0,0.0,0.9891907708352029,0.9975865334593692,0.8645792433336758,0.6534814994088922,0.7868004883779772,0.20972523527632653
494,1.0,1.0,0.0,0.0,1.0,0.0,0.9751263644092656,0.9978208674555424,0.4840090237975871,0.41242499294853596,0.9491383930574909,0.06341859927767445
495,0.0,0.0,0.0,0.0,0.0,0.0,0.025894320468937432,0.01752966217546466,0.011755394650295426,0.01886930750157585,0.04328879555455218,0.012664849875819024
496,1.0,1.0,0.0,1.0,1.0,0.0,0.8292237159982571,0.7276227471193019,0.010341775443343951,0.03550735232455907,0.6275093925575967,0.01534584966071585
497,1.0,1.0,0.0,0.0,0.0,0.0,0.987190006090748,0.9944308947081388,0.3183223687354981,0.203139678298237,0.5987861399200811,0.07052304246473297
498,1.0,1.0,0.0,0.0,0.0,0.0,0.9939167389261154,0.9964400484312275,0.8129131589051105,0.5958257144221968,0.8836437446861837,0.29224930978722685
499,1.0,1.0,0.0,0.0,1.0,1.0,0.8258267098594093,0.7813532871739697,0.021258337546334747,0.18838678976248557,0.8499636476021069,0.79229988956405
500,0.0,0.0,0.0,0.0,0.0,0.0,0.023721101764952464,0.015216157348767368,0.011088244410086007,0.03387701065193372,0.05511550787459435,0.01777610868097483
501,0.0,1.0,1.0,1.0,1.0,1.0,0.4054542517860746,0.8229318252103109,0.946583629169679,0.8752261644183023,0.5188855091439356,0.8169236996263268
502,1.0,1.0,0.0,1.0,1.0,0.0,0.9827389843123652,0.9921377457010279,0.5290206079785591,0.4544551103069106,0.8361380380613078,0.18761209982050495
503,1.0,1.0,0.0,0.0,1.0,0.0,0.950786679544164,0.9550435670466315,0.01855848350334119,0.024460136474088946,0.5100072361868834,0.019886026269663855
504,1.0,1.0,0.0,0.0,0.0,0.0,0.9717690641565309,0.962783352609484,0.01687256556875048,0.02281332942697392,0.5328245588276233,0.013833949777342426
505,1.0,1.0,1.0,1.0,1.0,1.0,0.9888401674989757,0.9986626334697053,0.780216605611404,0.631280767915217,0.9667939433639327,0.2111944920991287
506,1.0,1.0,1.0,1.0,0.0,1.0,0.9869466135015554,0.9982998656314583,0.891275550149994,0.9101825190920336,0.8949239323540206,0.6439327039830944
507,0.0,0.0,0.0,0.0,0.0,0.0,0.3455150026386121,0.6546204902739801,0.5807959334184616,0.35070125268129565,0.25445521340063454,0.47302446770533185
508,0.0,0.0,0.0,0.0,0.0,0.0,0.02530040098839445,0.023229517344456763,0.011245405123709638,0.037073979399429975,0.08937125168866913,0.02945432627224659
509,1.0,1.0,0.0,0.0,0.0,0.0,0.9856100896230301,0.9986044114366226,0.6277463550563932,0.728933152760628,0.7767243351355201,0.5561956430283846
510,1.0,1.0,1.0,1.0,1.0,1.0,0.993966665966763,0.9990486761402231,0.8941609112725123,0.9365595119364873,0.9432697523440494,0.3187792191009683
511,1.0,1.0,1.0,1.0,0.0,1.0,0.5410833855130268,0.893422310888691,0.9739268937639892,0.792930297659619,0.5304066894149617,0.809826223694037
512,1.0,1.0,0.0,0.0,1.0,0.0,0.972973544300234,0.997558198358671,0.49383073186169313,0.46733929165117416,0.9237548576151727,0.07356313465419842
513,1.0,0.0,0.0,0.0,0.0,0.0,0.7628566416790008,0.40461509503120724,0.010067757255388068,0.021873645413044415,0.3509689927792362,0.01375732974575088
514,0.0,0.0,0.0,0.0,0.0,0.0,0.1917712837116723,0.10977284880702927,0.12618149131437567,0.22595710827733145,0.1393666853726804,0.0696424912152484
515,1.0,1.0,1.0,0.0,1.0,0.0,0.9925428691593825,0.9973655479229543,0.8008451033978339,0.8104149591411406,0.9500741420471367,0.14835167532741597
516,1.0,1.0,0.0,0.0,1.0,0.0,0.9744262461426033,0.9870287244680245,0.41200235256936385,0.18951874266454288,0.6807254216618158,0.09147067945953345
517,1.0,1.0,1.0,1.0,1.0,1.0,0.9946592770196637,0.9992014896410215,0.9010029839282941,0.9400041104132947,0.8749220431849283,0.4621322871426624
518,1.0,1.0,1.0,1.0,1.0,0.0,0.8131157251431239,0.7970941434225588,0.738304503766866,0.17990351151735898,0.5993707892771434,0.2162455218318991
519,0.0,0.0,0.0,0.0,0.0,0.0,0.03153052881778115,0.023942183514586945,0.01212161953180125,0.030088794842215407,0.08218915913810376,0.026302483501288037
520,0.0,0.0,1.0,0.0,0.0,0.0,0.11496271736370196,0.3439607410703276,0.5451752833037931,0.1872793961145419,0.1561666035914697,0.4016550661177127
521,0.0,0.0,1.0,1.0,0.0,1.0,0.13802744320426752,0.33598684258724265,0.8047206226357936,0.506607661240638,0.20396919896735308,0.6084293823831411
522,1.0,1.0,0.0,0.0,1.0,0.0,0.8022320005940233,0.6208637105848552,0.013731274019512366,0.029070463184130136,0.5711088005878256,0.018010022319473903
523,1.0,1.0,1.0,1.0,1.0,1.0,0.4994060067544336,0.970379468477188,0.9034403809677805,0.8710007013527193,0.4983727502428458,0.8170810510691903
524,1.0,1.0,1.0,1.0,1.0,0.0,0.9941084947715051,0.9992290958893456,0.9448999130327488,0.9807205797749267,0.9761474853725413,0.43646378888751197
525,1.0,1.0,0.0,0.0,0.0,0.0,0.9771930551396402,0.9953646704386353,0.14831284416188606,0.26830421966917734,0.9380585802330852,0.023289503448981955
526,0.0,0.0,0.0,0.0,0.0,0.0,0.026045684921020624,0.018903067146679085,0.011028425701396918,0.026267946010670312,0.07081521889198542,0.020642821090636605
527,1.0,1.0,0.0,0.0,0.0,0.0,0.9744079228330472,0.9684732484538631,0.013766565712048375,0.03276197341123619,0.660229141473486,0.015441294670401106
528,0.0,0.0,0.0,0.0,0.0,0.0,0.02524589758032962,0.021759489929485322,0.010513299743255908,0.02351513117108906,0.06385489347924603,0.022245462092263694
529,0.0,0.0,0.0,0.0,0.0,0.0,0.31093667782738943,0.23975988661551534,0.3216274126346966,0.4462730961342664,0.4729910279962064,0.4678957658831185
530,1.0,1.0,1.0,0.0,0.0,0.0,0.9924315231448408,0.998012570702093,0.6941726509652568,0.7791944724653016,0.8203246980477796,0.3185162469357586
531,1.0,1.0,1.0,1.0,1.0,1.0,0.396860538888616,0.9350265574309788,0.8337887897944553,0.7961834549547285,0.6257231891986411,0.7030712401332623
532,1.0,1.0,0.0,1.0,1.0,0.0,0.9872289948261217,0.9984105516400711,0.7046878365524182,0.9159626670515656,0.9688713612439805,0.31501016781667596
533,0.0,0.0,0.0,0.0,0.0,0.0,0.026338792502576053,0.023641771403100725,0.0115420749490911,0.02876818283670802,0.0493765945476311,0.017888401968162517
534,1.0,1.0,0.0,0.0,1.0,0.0,0.9823238903562354,0.9884915552639704,0.14121913010936338,0.1404640873251781,0.8310814200331043,0.3413367878304054
535,1.0,1.0,1.0,1.0,1.0,0.0,0.990982748975887,0.9987244822825543,0.9455186723595755,0.8535518326674795,0.8819237466524393,0.18585383402388148
536,1.0,1.0,0.0,0.0,1.0,0.0,0.9544330293024318,0.9914821030716217,0.18785250210799898,0.09337332888383167,0.5302382652270698,0.06738928285988559
537,0.0,0.0,0.0,0.0,0.0,0.0,0.020008197337403052,0.01995489732287852,0.009095090082209793,0.022528562777187424,0.07395343555381492,0.019123218075160056
538,1.0,1.0,1.0,1.0,1.0,1.0,0.9882030379827849,0.9977585248989844,0.8917199333728117,0.9627773509520632,0.9730882390055111,0.6862669412322419
539,0.0,0.0,0.0,0.0,0.0,0.0,0.025601738456548475,0.012567891011086501,0.015084283470092939,0.02723916081099103,0.06093129821384374,0.025649739084070058
540,1.0,1.0,0.0,0.0,1.0,0.0,0.9778934417822728,0.9826265615208684,0.15825470470514955,0.05409622448558781,0.5100326963973321,0.027848169202271563
541,1.0,1.0,0.0,0.0,0.0,0.0,0.9271575702557314,0.9924396473638779,0.3801578995436791,0.19605371033280913,0.46597161639114776,0.047441966989173995
542,0.0,0.0,0.0,0.0,0.0,0.0,0.03305885226419322,0.024575086168510663,0.015200050776383887,0.02938179710335322,0.10335723224304945,0.021761678376324527
543,1.0,1.0,0.0,1.0,1.0,0.0,0.9825424479050369,0.9980658019715085,0.517183325121893,0.40825978045219335,0.924804429751764,0.03940470768124092
544,1.0,1.0,1.0,1.0,1.0,0.0,0.9872134544110857,0.9990904829968376,0.9457696334088425,0.970697584772511,0.9673237540300391,0.5818557600571083
545,0.0,0.0,0.0,0.0,0.0,0.0,0.02807174981776092,0.032954754335868475,0.015473451265244376,0.034345973318297425,0.06153421286311974,0.027525471356467865
546,1.0,1.0,0.0,0.0,1.0,0.0,0.984061201724922,0.9939933593850825,0.18994027639035135,0.34106947543056587,0.8676395458677507,0.35353204869385146
547,1.0,1.0,1.0,1.0,0.0,0.0,0.9881913878177525,0.995604883688287,0.703679861046736,0.27308478185669577,0.7466352490556226,0.23781786217764295
548,0.0,0.0,0.0,0.0,0.0,0.0,0.025716346913359594,0.036610873007407146,0.12070845482613927,0.10825023107333642,0.06766302962430383,0.0890795391324302
549,0.0,0.0,0.0,0.0,0.0,0.0,0.027071139506356753,0.01961769491438553,0.012578224339793794,0.030861134650063512,0.10513340526256133,0.028163409560301226
550,0.0,0.0,0.0,0.0,1.0,0.0,0.03987057294894998,0.029666956819764227,0.02317210072349876,0.04662560118370156,0.08575557028871848,0.038809012451386016
551,0.0,0.0,0.0,0.0,0.0,0.0,0.037230222183057285,0.05394224742619684,0.028816489969409338,0.05624636604919301,0.14705786556484016,0.05908971087367523
552,1.0,1.0,0.0,0.0,0.0,0.0,0.975981306236201,0.9788496724908509,0.010427461176160047,0.02228309664343396,0.5050519190334316,0.020752802440628958
