,True_FPV,True_ATV,True_IDV,True_LPV,True_NFV,True_SQV,True_TPV,True_DRV,Pred_Proba_FPV,Pred_Proba_ATV,Pred_Proba_IDV,Pred_Proba_LPV,Pred_Proba_NFV,Pred_Proba_SQV,Pred_Proba_TPV,Pred_Proba_DRV
0,0.0,0.0,0.0,0.0,0.0,0.0,0.0,0.0,0.00011063048,0.00015044557,8.0213125e-05,1.9594456e-05,0.011582346,6.875166e-05,0.00021319142,2.5131847e-05
1,0.0,0.0,0.0,0.0,0.0,0.0,0.0,0.0,6.517163e-05,0.00027009545,0.00014595565,6.0881626e-05,0.0001738852,0.0001923817,0.00015217517,3.5485795e-05
2,0.0,1.0,1.0,0.0,1.0,1.0,0.0,0.0,0.7403562,0.9861676,0.9627516,0.002078007,0.9954028,0.98073226,0.01641102,0.0023816198
3,0.0,1.0,0.0,0.0,0.0,0.0,0.0,0.0,0.0014017412,0.00078448356,0.0011515893,0.00032067287,0.26636356,0.00074621954,0.0041246773,9.960751e-05
4,1.0,1.0,1.0,1.0,1.0,1.0,1.0,0.0,0.99972206,0.99926144,0.9990356,0.99779534,0.999602,0.9924697,0.92279726,0.096795514
5,1.0,1.0,1.0,1.0,1.0,1.0,1.0,1.0,0.99897206,0.9990854,0.9997682,0.99963176,0.99895835,0.999759,0.98650175,0.98470914
6,1.0,1.0,1.0,1.0,1.0,1.0,1.0,1.0,0.9998745,0.991507,0.9973386,0.9987508,0.9943963,0.9677766,0.9877902,0.09268644
7,0.0,0.0,0.0,0.0,0.0,0.0,0.0,0.0,0.0039863097,0.00020812903,0.0010302612,1.4279524e-05,0.006982163,0.0005002441,0.013220968,0.00068024505
8,0.0,0.0,0.0,0.0,0.0,0.0,0.0,0.0,4.585818e-05,7.7472105e-05,8.307597e-06,5.16806e-06,0.000712354,2.379425e-05,2.917119e-05,1.9406094e-05
9,0.0,0.0,0.0,0.0,1.0,0.0,0.0,0.0,0.0002284507,0.00043308412,4.972734e-05,2.614248e-05,0.0048289155,0.00015130299,0.00059477065,0.000102721366
10,0.0,0.0,0.0,0.0,0.0,0.0,0.0,0.0,0.00024804697,0.00056676014,0.0002735036,6.294884e-05,0.0051683662,0.0009267675,0.0023578722,0.00023471384
11,0.0,0.0,0.0,0.0,0.0,0.0,0.0,0.0,0.00017675171,0.00017606576,0.0001735827,4.3142467e-05,0.0015886335,0.00020380536,1.5497893e-05,8.977226e-05
12,1.0,1.0,1.0,1.0,1.0,1.0,0.0,1.0,0.9986142,0.9933994,0.9984668,0.9990275,0.9995322,0.9989053,0.598743,0.6064734
13,1.0,1.0,1.0,1.0,1.0,1.0,1.0,0.0,0.87931424,0.9960402,0.9988569,0.508388,0.9992513,0.7227891,0.011534613,0.015521569
14,0.0,0.0,1.0,0.0,1.0,0.0,1.0,0.0,0.09638638,0.3948128,0.09576087,0.0011544192,0.5022492,0.07746371,0.004973972,4.5652014e-05
15,1.0,1.0,1.0,1.0,1.0,1.0,1.0,0.0,0.997872,0.999138,0.99933404,0.9835563,0.98628354,0.9854418,0.99891007,0.93024915
16,0.0,0.0,0.0,0.0,0.0,0.0,0.0,0.0,0.00016523819,0.0009631559,0.00043847295,2.8959454e-05,0.002245968,0.00042746981,0.0001053104,2.3333303e-05
17,1.0,1.0,1.0,1.0,1.0,1.0,0.0,0.0,0.99968576,0.99757713,0.9996729,0.9998708,0.9997708,0.99965906,0.9882604,0.21812624
18,1.0,1.0,1.0,1.0,1.0,1.0,1.0,1.0,0.9995896,0.99928254,0.7879281,0.94585073,0.996958,0.59200954,0.30469164,0.9911041
19,0.0,0.0,0.0,0.0,0.0,0.0,0.0,0.0,0.0020788219,0.00062769634,0.000174783,0.00011287398,0.031231392,0.0009564374,0.00030603528,0.000113003116
20,0.0,0.0,0.0,0.0,0.0,0.0,0.0,0.0,0.00027395823,0.0001998219,2.2989248e-05,2.482286e-05,0.009337139,8.660761e-05,0.001311967,2.0756072e-05
21,1.0,1.0,1.0,1.0,1.0,1.0,1.0,1.0,0.9996044,0.9984189,0.99983466,0.9998512,0.99973434,0.99763465,0.99892825,0.9986798
22,0.0,0.0,0.0,0.0,0.0,0.0,0.0,0.0,6.42137e-05,5.690314e-05,0.00034053435,1.1703021e-05,0.00426525,4.885098e-05,0.00017815559,3.1721196e-05
23,0.0,1.0,1.0,1.0,1.0,1.0,0.0,0.0,0.00824939,0.8679228,0.88140535,0.9581674,0.99288625,0.8562531,0.0005668287,0.000100773366
24,0.0,1.0,0.0,0.0,0.0,0.0,0.0,0.0,0.6344186,0.79147893,0.9293933,0.70142406,0.9526793,0.0765217,0.11752111,0.00481802
25,0.0,0.0,0.0,0.0,0.0,0.0,0.0,0.0,8.0608945e-05,6.4764106e-05,9.757331e-05,7.497275e-06,0.0008081429,7.725153e-05,7.7454715e-06,4.1376927e-05
26,1.0,1.0,1.0,1.0,1.0,1.0,1.0,1.0,0.9994754,0.9998803,0.9994287,0.9996859,0.99995506,0.99984,0.9986929,0.9982033
27,1.0,1.0,1.0,1.0,1.0,1.0,1.0,1.0,0.99794704,0.99877816,0.99868745,0.74094534,0.9985415,0.9983882,0.18568753,0.9711357
28,0.0,0.0,0.0,0.0,0.0,0.0,0.0,0.0,0.00010156928,0.0003097736,0.00018740621,1.5511274e-05,0.0009187003,0.00015666788,0.0052022114,5.4159216e-05
29,0.0,0.0,0.0,0.0,0.0,0.0,0.0,0.0,7.27622e-05,9.732855e-05,0.00015635732,1.8342142e-05,0.0001557159,9.202627e-05,8.3700994e-05,0.00011597894
30,0.0,0.0,0.0,0.0,0.0,0.0,0.0,0.0,0.0005440011,0.013416251,0.04969132,0.0001749222,0.020358223,0.0006214491,0.0064279963,0.00018806764
31,1.0,0.0,1.0,1.0,1.0,0.0,0.0,0.0,0.48093233,0.12502186,0.5713289,0.983303,0.8259394,0.39130867,0.14842659,0.0008236082
32,0.0,0.0,0.0,0.0,0.0,0.0,0.0,0.0,6.5105414e-05,0.00022786051,1.6924885e-05,2.4387671e-05,0.00016359662,2.4902647e-05,7.629671e-05,6.9204216e-05
33,1.0,1.0,1.0,1.0,1.0,1.0,0.0,0.0,0.98616135,0.90313184,0.9999335,0.9998692,0.99686617,0.9986725,0.4609039,0.0046173674
34,1.0,1.0,1.0,1.0,1.0,1.0,1.0,0.0,0.9970694,0.99671245,0.9983834,0.9933901,0.99804664,0.99928504,0.54905957,0.0072250403
35,0.0,0.0,0.0,0.0,0.0,0.0,0.0,0.0,0.00013680644,0.0003592914,6.999561e-05,1.2513349e-05,8.687917e-05,0.00010528038,0.000100957084,2.2105782e-05
36,1.0,1.0,1.0,1.0,1.0,1.0,1.0,0.0,0.9925236,0.99665594,0.9994349,0.9989453,0.999744,0.7494645,0.9939322,0.73312616
37,0.0,0.0,0.0,0.0,1.0,0.0,0.0,0.0,0.035980526,0.76286966,0.92558026,0.00095722784,0.8244696,0.08132072,0.027932283,0.0005205976
38,1.0,1.0,0.0,0.0,1.0,0.0,0.0,0.0,0.4566939,0.9973706,0.9981951,0.032281194,0.99213624,0.7401964,0.19841576,0.28619298
39,1.0,1.0,1.0,1.0,1.0,1.0,1.0,1.0,0.99983096,0.9997862,0.9997018,0.93621016,0.9996087,0.99890685,0.98254514,0.99942017
40,1.0,1.0,1.0,1.0,1.0,1.0,1.0,1.0,0.9997508,0.99758315,0.99748284,0.9995314,0.9887028,0.8433614,0.9988851,0.9933694
41,1.0,1.0,1.0,1.0,1.0,1.0,1.0,1.0,0.99723685,0.9995264,0.99939406,0.9918291,0.9946168,0.99804544,0.998256,0.9389925
42,1.0,1.0,1.0,1.0,1.0,1.0,1.0,0.0,0.9898824,0.9994267,0.9998323,0.9995141,0.9989022,0.99656963,0.9851339,0.00084961794
43,0.0,0.0,0.0,0.0,0.0,0.0,0.0,0.0,0.00011630809,0.0012270901,0.00029454348,4.3984026e-05,0.0012700586,0.0003719557,0.0035140489,6.805345e-05
44,0.0,0.0,0.0,0.0,0.0,0.0,0.0,0.0,0.00015948525,0.0002231843,3.0057743e-05,1.7367463e-05,0.0001105165,0.0002306569,0.10563413,8.330358e-05
45,0.0,0.0,0.0,0.0,0.0,0.0,0.0,0.0,0.0015952581,0.0017722405,0.00056033174,3.4580986e-05,0.006024827,0.00021174055,0.0024204256,5.065293e-05
46,0.0,1.0,1.0,1.0,1.0,1.0,0.0,0.0,0.88580287,0.9900239,0.9995901,0.9998573,0.99678886,0.9918784,0.2112024,0.03228013
47,1.0,1.0,1.0,1.0,1.0,1.0,1.0,1.0,0.9968227,0.9992461,0.9999193,0.9998115,0.9997689,0.9988673,0.9988502,0.3858525
48,0.0,1.0,1.0,0.0,1.0,1.0,0.0,0.0,0.8273552,0.9985166,0.9993735,0.03006155,0.99977547,0.99921167,0.11763127,0.002126274
49,0.0,0.0,0.0,0.0,0.0,0.0,0.0,0.0,7.203769e-05,0.0002816466,0.00039602738,4.723266e-05,0.0005989353,8.508387e-05,0.018245127,2.1516566e-05
50,0.0,0.0,0.0,0.0,0.0,0.0,0.0,0.0,0.00016781651,0.00014654317,0.005200179,1.36939e-05,0.00029106328,0.000704103,0.0002739065,6.809266e-05
51,1.0,1.0,1.0,1.0,1.0,1.0,1.0,0.0,0.99404633,0.9997373,0.99994564,0.9996934,0.99976987,0.99983037,0.9825668,0.0022579483
52,1.0,1.0,1.0,1.0,1.0,1.0,1.0,1.0,0.99935025,0.99957305,0.99991775,0.99990416,0.9999163,0.9995592,0.99468404,0.37182176
53,0.0,0.0,0.0,0.0,0.0,0.0,0.0,0.0,5.6067216e-05,7.0305e-05,5.053867e-05,1.3776198e-05,9.89089e-05,3.7512145e-05,0.00012964975,6.0392435e-05
54,1.0,1.0,1.0,0.0,1.0,1.0,1.0,0.0,0.80051315,0.34028473,0.36578688,0.6327543,0.77431786,0.5636657,0.10020188,0.00041902848
55,0.0,0.0,0.0,0.0,0.0,0.0,0.0,0.0,0.018938227,0.11470066,0.029828308,5.8168935e-05,0.021140698,0.00011181589,0.004139421,0.0006246417
56,1.0,0.0,1.0,1.0,1.0,0.0,0.0,0.0,0.014344796,0.0020906515,0.00012729551,0.000103717735,0.00038062566,0.00010065381,0.31998014,0.000201834
57,1.0,1.0,1.0,1.0,1.0,1.0,0.0,0.0,0.9989839,0.9993543,0.9996911,0.99983585,0.9998248,0.9997029,0.9945952,0.12497365
58,1.0,1.0,1.0,1.0,1.0,0.0,0.0,0.0,0.9915849,0.9995065,0.9987514,0.9830589,0.99962187,0.9760199,0.00132133,0.06647007
59,1.0,1.0,1.0,1.0,1.0,1.0,1.0,1.0,0.9998215,0.9992699,0.99707425,0.9999527,0.9993781,0.9964669,0.987677,0.9652325
60,0.0,0.0,0.0,0.0,0.0,0.0,0.0,0.0,0.0048314477,0.37672204,0.074611366,0.0002569736,0.38397577,0.0012755018,0.82427984,0.0014008997
61,0.0,0.0,0.0,0.0,0.0,0.0,0.0,0.0,4.1295916e-05,0.00023208903,6.0637758e-05,4.323052e-05,0.0005368791,4.9550865e-05,7.2116665e-05,2.8290622e-05
62,1.0,1.0,1.0,1.0,1.0,1.0,1.0,0.0,0.99532026,0.9396922,0.99933785,0.99899834,0.9994473,0.99306583,0.043151073,0.0028173886
63,0.0,0.0,0.0,0.0,0.0,0.0,0.0,0.0,0.022753535,0.06899742,0.0016937476,0.00017398702,0.02279681,0.0006790241,0.008180529,0.0019787278
64,0.0,0.0,0.0,0.0,0.0,0.0,0.0,0.0,4.4477736e-05,0.03631247,0.024697581,3.2459513e-05,0.007210833,0.00010530718,0.0005591926,7.419671e-05
65,1.0,1.0,1.0,1.0,1.0,1.0,0.0,0.0,0.9877884,0.9857007,0.9992878,0.9996848,0.9995969,0.9859983,0.108627215,0.00056502764
66,0.0,0.0,0.0,0.0,0.0,0.0,0.0,0.0,0.0005170984,0.00079977984,0.00091604656,2.6752055e-05,0.0028877626,0.0011243123,0.008168946,0.00012776698
67,0.0,0.0,0.0,0.0,0.0,0.0,0.0,0.0,0.00013078826,0.00011311621,1.549377e-05,8.6659675e-06,0.00067292724,2.204822e-05,0.00021137141,5.1516145e-05
68,0.0,0.0,0.0,0.0,0.0,0.0,0.0,0.0,0.4872417,0.28089315,0.1962295,0.004082787,0.20314848,0.024831342,0.0022964573,0.0002795175
69,0.0,0.0,0.0,0.0,0.0,0.0,0.0,0.0,0.00020512716,0.00029418734,1.3037095e-05,2.1222882e-05,0.00019031258,0.00013460279,0.0018142996,0.00018876955
70,1.0,1.0,1.0,1.0,1.0,1.0,0.0,0.0,0.9986872,0.99604,0.99301505,0.99428153,0.9702884,0.99911827,0.0596279,0.0014598039
71,0.0,1.0,1.0,1.0,1.0,1.0,0.0,0.0,0.033755656,0.88365316,0.9241588,0.98949814,0.9996153,0.8312335,0.0116517525,6.0977207e-05
72,0.0,0.0,0.0,0.0,0.0,0.0,0.0,0.0,0.00010624169,3.666509e-05,0.00034053435,1.1703021e-05,0.0011746701,4.1787822e-05,0.00079526677,3.176839e-05
73,0.0,0.0,0.0,0.0,0.0,0.0,0.0,0.0,9.091399e-05,0.0006972914,0.00013325816,8.645165e-05,0.0011192679,0.0002812685,0.0062918724,0.00020572612
74,0.0,0.0,0.0,0.0,0.0,0.0,0.0,0.0,0.0003653886,0.012937463,0.00030331328,1.9546545e-05,0.01178967,2.7776246e-05,0.13759506,0.00027059834
75,0.0,0.0,0.0,0.0,1.0,0.0,0.0,0.0,0.079893865,0.0029313457,0.0016447986,0.00029661332,0.013710701,0.00012907012,0.116420716,0.00034395652
76,0.0,1.0,1.0,1.0,1.0,1.0,0.0,0.0,0.9817997,0.9989856,0.9995158,0.99938357,0.999838,0.9995704,0.73089653,0.018551925
77,1.0,1.0,1.0,1.0,1.0,0.0,1.0,1.0,0.9981583,0.9917035,0.98847467,0.9988055,0.92133915,0.3864559,0.5900005,0.9326288
78,1.0,1.0,1.0,1.0,1.0,1.0,1.0,0.0,0.9922158,0.99782324,0.99814475,0.97551763,0.99994063,0.9990563,0.99052507,0.397253
79,0.0,1.0,1.0,1.0,1.0,1.0,0.0,0.0,0.028999584,0.050378196,0.62783146,0.59145105,0.8701834,0.21823691,0.004818884,0.0002039747
80,0.0,0.0,0.0,0.0,0.0,0.0,0.0,0.0,0.00045117683,0.015863804,0.0009524495,3.8963648e-05,0.0479443,0.0001368367,0.0013767529,0.00011155847
81,0.0,0.0,0.0,0.0,0.0,0.0,0.0,0.0,6.7487264e-05,0.00010573684,0.00047031284,2.8817269e-05,0.0029378585,0.0002604262,0.00093491765,5.1802268e-05
82,1.0,1.0,1.0,1.0,1.0,1.0,1.0,1.0,0.9964888,0.99952793,0.9989236,0.9992435,0.96677274,0.995618,0.9786148,0.93507904
83,1.0,1.0,1.0,1.0,1.0,0.0,0.0,0.0,0.9556009,0.9637256,0.79019195,0.052523736,0.9952754,0.011975731,0.018489096,0.0046504703
84,0.0,0.0,0.0,0.0,0.0,0.0,0.0,0.0,8.430901e-05,0.00022888827,6.3422153e-06,5.5562473e-06,0.0011255924,2.3384606e-05,0.00023215121,2.3857803e-05
85,0.0,0.0,0.0,0.0,0.0,0.0,0.0,0.0,4.459789e-05,0.00024279726,0.00017077017,5.750251e-06,0.0013903718,0.00018678201,3.879206e-05,1.721083e-05
86,0.0,0.0,0.0,0.0,0.0,0.0,0.0,0.0,0.0006336476,0.002251285,0.0010008771,9.5921045e-05,0.011314202,0.013033353,0.0009953779,7.483352e-05
87,0.0,0.0,0.0,0.0,0.0,0.0,0.0,0.0,0.00027327475,0.00028843287,1.9877316e-05,1.9193623e-05,0.0018716584,8.824079e-05,0.00065292633,1.7665334e-05
88,0.0,0.0,0.0,0.0,0.0,0.0,0.0,0.0,0.00026057323,0.0010200051,6.1327046e-05,2.0645166e-05,0.0011626486,0.00032629515,0.0007274252,1.3290004e-05
89,0.0,0.0,0.0,0.0,0.0,0.0,0.0,0.0,0.00023000289,0.00018545406,5.294612e-05,1.3890853e-05,0.00013836434,0.00020466707,0.00018259698,6.671475e-05
90,1.0,1.0,1.0,1.0,1.0,1.0,1.0,0.0,0.9991015,0.9942352,0.999218,0.9994172,0.99983966,0.9998031,0.9141826,0.82667243
91,0.0,0.0,0.0,0.0,0.0,0.0,0.0,0.0,0.00028325774,0.00025309168,0.0003070491,8.819998e-06,0.0024142358,0.00026455775,8.449758e-05,3.0577485e-05
92,0.0,0.0,0.0,0.0,0.0,0.0,0.0,0.0,4.459789e-05,6.144629e-05,4.6589947e-05,5.750251e-06,0.00087836536,6.162991e-05,7.731464e-06,2.5119482e-05
93,0.0,1.0,1.0,1.0,1.0,1.0,0.0,0.0,0.0072050146,0.07737581,0.06806535,0.12909257,0.03969554,0.021549275,0.001239005,9.537189e-05
94,0.0,1.0,1.0,1.0,1.0,1.0,0.0,0.0,0.6499298,0.98249716,0.99118793,0.9898089,0.997601,0.99597037,0.7134441,0.0007211637
95,0.0,0.0,0.0,0.0,0.0,0.0,0.0,0.0,8.288717e-05,0.00033206755,0.00071712915,2.0268908e-05,0.016628306,0.00033434713,0.0002091665,1.9037905e-05
96,1.0,1.0,1.0,1.0,1.0,1.0,1.0,0.0,0.9903465,0.9965364,0.99395955,0.99675035,0.99983096,0.99833786,0.5442051,0.55678135
97,1.0,1.0,1.0,1.0,1.0,1.0,1.0,1.0,0.98439807,0.99594104,0.99876165,0.92998046,0.99949,0.99607146,0.9480953,0.006071235
98,0.0,0.0,0.0,0.0,0.0,0.0,0.0,0.0,5.4080403e-05,8.099814e-05,9.538898e-05,6.428043e-06,0.0003390772,0.00016838312,1.52083485e-05,2.4038314e-05
99,0.0,1.0,1.0,1.0,1.0,0.0,1.0,0.0,0.0016349147,0.015968418,0.006624973,0.0035722263,0.52355266,0.002717742,0.03444221,0.00025496972
100,0.0,0.0,0.0,0.0,0.0,0.0,0.0,0.0,7.43638e-05,0.00014656776,5.2777195e-05,2.025007e-05,0.0012880309,0.0003961741,0.0013141906,9.691437e-06
101,1.0,1.0,1.0,1.0,1.0,1.0,1.0,1.0,0.99602354,0.999479,0.9992932,0.9991774,0.99983335,0.9985753,0.99983823,0.22217952
102,1.0,1.0,1.0,1.0,1.0,1.0,0.0,1.0,0.9982895,0.9998883,0.9997708,0.8524545,0.99976236,0.98909914,0.9423803,0.9107169
103,0.0,0.0,0.0,0.0,0.0,0.0,0.0,0.0,0.07774386,0.12392957,0.01636765,0.0043173353,0.04876666,0.042814232,0.0028432182,3.1894975e-05
104,1.0,0.0,0.0,0.0,0.0,0.0,1.0,0.0,0.74446285,0.43705845,0.6182897,0.0013264164,0.8292701,0.38251626,0.97519433,0.0017120969
105,0.0,0.0,0.0,0.0,0.0,0.0,0.0,0.0,0.0002572109,0.0007485938,5.494122e-05,0.00014432824,0.002529891,0.0002409441,0.002360478,0.00014748407
106,1.0,0.0,1.0,1.0,1.0,0.0,0.0,1.0,0.9637294,0.38611984,0.99700135,0.26959088,0.7869129,0.9001707,0.027076863,0.10729298
107,0.0,0.0,0.0,0.0,0.0,0.0,0.0,0.0,0.00015417038,0.00020430109,0.00011721114,1.2330587e-05,0.0005302191,9.495129e-05,0.00027427234,2.0739137e-05
108,0.0,0.0,0.0,0.0,0.0,0.0,0.0,0.0,5.8068894e-05,0.00012175777,2.7058384e-05,7.7499746e-05,0.000867291,0.00015651932,3.5869027e-05,4.733195e-05
109,0.0,0.0,0.0,0.0,0.0,0.0,0.0,0.0,9.950167e-05,0.00031957022,0.00011892386,3.7513397e-05,0.0006262634,0.00014906915,0.00016932565,4.634132e-05
110,0.0,0.0,0.0,0.0,0.0,0.0,0.0,0.0,0.00018998371,0.00069574115,0.0003453493,3.8531434e-05,0.00039889623,0.00019437935,0.0001864523,5.607315e-05
111,1.0,1.0,1.0,1.0,1.0,1.0,1.0,1.0,0.9996449,0.98857504,0.9993806,0.9996469,0.9997054,0.9878384,0.9503185,0.15392046
112,0.0,0.0,0.0,0.0,0.0,0.0,0.0,0.0,0.0003062527,0.2713753,0.052333042,0.00063468295,0.07654684,0.0002532266,0.22265793,0.0017189606
113,0.0,0.0,0.0,0.0,0.0,0.0,0.0,0.0,0.0003919695,7.962121e-05,3.9655148e-05,4.616489e-05,0.008070443,6.930731e-05,0.0008767946,4.4869506e-05
114,1.0,1.0,1.0,1.0,1.0,1.0,0.0,0.0,0.9991002,0.9980564,0.99572045,0.99556965,0.99859506,0.9979925,0.07011716,0.029590681
115,1.0,1.0,1.0,1.0,1.0,1.0,1.0,0.0,0.02534644,0.973678,0.98297924,0.9193092,0.9905743,0.9129473,0.93317795,0.00073801767
116,0.0,0.0,0.0,0.0,0.0,0.0,0.0,0.0,6.545384e-05,0.0004247643,0.0011285885,3.461857e-05,0.009921479,0.0005479703,0.00014030488,1.7403394e-05
117,0.0,0.0,0.0,0.0,0.0,0.0,0.0,0.0,5.533732e-05,7.7472105e-05,8.307597e-06,5.16806e-06,0.000712354,2.379425e-05,1.6795866e-05,1.9406094e-05
118,0.0,0.0,0.0,0.0,0.0,0.0,0.0,0.0,0.00011809013,9.3768875e-05,0.0014581742,5.765264e-05,0.0037353795,6.994317e-05,0.0037057686,0.00013048979
119,1.0,1.0,1.0,1.0,1.0,1.0,1.0,0.0,0.9937196,0.99861336,0.99960047,0.9694494,0.99756926,0.99970144,0.9782256,0.029417938
120,1.0,1.0,1.0,1.0,1.0,1.0,0.0,0.0,0.9923096,0.994985,0.9977272,0.9953903,0.99897873,0.99408984,0.47032925,0.0005910988
121,1.0,1.0,1.0,1.0,1.0,1.0,1.0,1.0,0.8505044,0.9995017,0.9990687,0.99953353,0.99977666,0.9940963,0.97423255,0.91333324
122,0.0,0.0,0.0,0.0,0.0,0.0,0.0,0.0,3.5006724e-05,0.0059649944,0.012288795,6.4278097e-06,0.014240882,3.9722483e-05,0.02848132,0.00013524362
123,0.0,0.0,0.0,0.0,0.0,0.0,0.0,0.0,0.0001993682,0.00054581277,3.0812953e-05,1.0963343e-05,0.0011269699,0.00022859276,7.76905e-05,2.0816811e-05
124,1.0,1.0,1.0,1.0,1.0,0.0,0.0,0.0,0.99968994,0.9738589,0.99808997,0.9933729,0.9881341,0.95727986,0.027936123,0.019668128
125,1.0,1.0,1.0,1.0,1.0,1.0,1.0,1.0,0.9995307,0.9998547,0.99980813,0.9993494,0.99903536,0.99994564,0.9190356,0.03811924
126,0.0,0.0,0.0,0.0,0.0,0.0,0.0,0.0,8.1046426e-05,0.00011784895,1.536442e-05,1.4707362e-05,0.00013338198,2.655066e-05,0.0007704488,3.1420303e-05
127,0.0,0.0,0.0,0.0,0.0,0.0,0.0,0.0,0.000119668846,0.00012451342,0.00011721114,5.1064967e-06,0.00032100413,4.5593755e-05,9.168124e-05,2.0739137e-05
128,0.0,1.0,1.0,1.0,1.0,1.0,0.0,0.0,0.9988809,0.97686493,0.9997174,0.99980754,0.9987747,0.9905697,0.49286515,0.0026378664
129,0.0,0.0,0.0,0.0,0.0,0.0,0.0,0.0,0.00021414812,0.00037599914,5.6319554e-05,3.0117884e-05,0.0003490888,9.438267e-05,3.223073e-05,4.950085e-05
130,1.0,1.0,1.0,1.0,1.0,1.0,1.0,1.0,0.99987924,0.99994135,0.99996626,0.99990356,0.9999006,0.9998331,0.98884225,0.9998087
131,1.0,1.0,1.0,1.0,1.0,1.0,1.0,0.0,0.2215436,0.99833065,0.9987765,0.33637565,0.998395,0.9978846,0.090933405,0.087049104
132,1.0,1.0,1.0,1.0,1.0,1.0,1.0,0.0,0.9952348,0.99873513,0.9865954,0.73901826,0.9503267,0.0320972,0.9996203,0.98194355
133,0.0,0.0,0.0,0.0,0.0,0.0,0.0,0.0,0.0010849801,0.0011760338,1.6825717e-05,1.6121474e-05,0.0007662099,6.684994e-05,0.00034097664,3.282049e-05
134,0.0,0.0,0.0,0.0,0.0,0.0,0.0,0.0,6.752396e-05,0.00041211434,0.0009850645,8.6939006e-05,0.001098493,0.00052647106,0.0016175322,7.091809e-05
135,0.0,0.0,0.0,0.0,0.0,0.0,0.0,0.0,9.679957e-05,0.002476836,0.00023238907,0.00013008813,0.000499496,0.0052401293,0.0069981036,4.5290544e-05
136,0.0,0.0,1.0,0.0,0.0,0.0,0.0,0.0,0.039367706,0.03302873,0.04366179,0.00031950165,0.10575423,0.026979906,0.0025501398,0.00011680356
137,0.0,0.0,0.0,0.0,0.0,1.0,0.0,0.0,0.80622035,0.0064231013,0.00027525786,7.741642e-05,0.0010241425,0.0025896686,0.0429796,0.0034785694
138,0.0,0.0,0.0,0.0,0.0,0.0,0.0,0.0,0.0001988391,0.0011730024,0.003250161,0.0003011861,0.0058123935,0.0002734272,0.00011649889,9.421056e-05
139,1.0,1.0,1.0,1.0,1.0,1.0,0.0,1.0,0.9989158,0.995782,0.9958009,0.99858105,0.96842986,0.38646686,0.19548617,0.97103405
140,0.0,1.0,1.0,0.0,1.0,1.0,0.0,0.0,0.06681949,0.9675968,0.9675569,0.0039451164,0.99595827,0.2617169,0.0009990218,0.00091038307
141,1.0,1.0,1.0,1.0,1.0,1.0,1.0,0.0,0.97940534,0.9777029,0.92303413,0.9250281,0.9966678,0.6386304,0.96519065,0.00932778
142,0.0,0.0,0.0,0.0,0.0,0.0,0.0,0.0,0.00012705552,7.4776246e-05,4.5314348e-05,4.8092315e-06,0.0006513297,4.5100387e-05,0.001674129,1.4497491e-05
143,0.0,0.0,0.0,0.0,0.0,0.0,0.0,0.0,5.601068e-05,0.0001056259,1.8121833e-05,5.750251e-06,0.00058713154,3.7475354e-05,3.0140785e-05,2.0278922e-05
144,1.0,1.0,1.0,1.0,1.0,1.0,0.0,0.0,0.9983265,0.99664634,0.9987056,0.9871292,0.9996177,0.9729426,0.5031047,0.010256189
145,1.0,1.0,1.0,1.0,1.0,1.0,1.0,1.0,0.9996345,0.9997043,0.9997987,0.9893058,0.99957854,0.99944335,0.9912894,0.9804606
146,1.0,1.0,1.0,1.0,1.0,1.0,0.0,0.0,0.8897375,0.93009615,0.994385,0.21929863,0.94338566,0.09983783,0.00094868813,0.013291548
147,1.0,1.0,1.0,0.0,1.0,1.0,0.0,0.0,0.9827732,0.9918779,0.6744726,0.033638764,0.98419315,0.87443835,0.7123511,0.0063193
148,0.0,0.0,0.0,0.0,0.0,0.0,0.0,0.0,0.00012797414,0.00011469765,0.00035717743,6.613389e-05,0.027676,0.0002849952,0.00078540656,5.3408552e-05
149,1.0,1.0,1.0,1.0,1.0,1.0,1.0,1.0,0.99991953,0.9997725,0.9992124,0.9985109,0.99940157,0.99974746,0.994686,0.99251455
150,1.0,1.0,1.0,1.0,1.0,1.0,1.0,1.0,0.99973255,0.999458,0.999841,0.99965656,0.9996147,0.9993813,0.9891468,0.8887676
151,0.0,0.0,0.0,0.0,0.0,0.0,0.0,0.0,0.00033276287,0.0008409462,0.0013925863,5.761219e-05,0.009152456,0.0007715476,0.00020623735,8.636777e-05
152,0.0,0.0,0.0,0.0,0.0,0.0,0.0,0.0,5.3325344e-05,1.7371025e-05,4.1743413e-05,3.557141e-05,0.009284991,0.00024018603,4.4503828e-05,1.6397491e-05
153,1.0,0.0,1.0,1.0,1.0,0.0,0.0,0.0,0.5736755,0.82396847,0.9991775,0.9998399,0.91068965,0.94319886,0.74537146,0.08689867
154,1.0,1.0,1.0,0.0,1.0,0.0,0.0,0.0,0.6822877,0.9790533,0.9837353,0.57078665,0.97161645,0.0636882,0.7322459,0.57394385
155,0.0,0.0,0.0,0.0,0.0,0.0,0.0,0.0,0.00020014014,0.00023891295,1.8696554e-05,1.3139357e-05,7.320589e-05,4.584974e-05,0.0015818344,2.5529358e-05
156,0.0,0.0,0.0,0.0,0.0,0.0,0.0,0.0,8.218528e-05,0.00012810917,0.00010041433,2.7287719e-05,0.0008888833,0.00020707241,0.00024860693,3.607943e-05
157,0.0,0.0,0.0,0.0,0.0,0.0,0.0,0.0,0.00082254893,0.00036136276,0.0002292211,5.1920815e-05,0.00026741804,0.0008047102,0.0014318165,7.810805e-05
158,1.0,1.0,1.0,1.0,1.0,0.0,1.0,1.0,0.9985152,0.98631763,0.98935205,0.99612576,0.9872909,0.055292655,0.22805408,0.40041488
159,1.0,1.0,1.0,1.0,1.0,1.0,1.0,1.0,0.9905979,0.96423584,0.9881493,0.90839815,0.99771285,0.99260837,0.85012996,0.88923156
160,0.0,1.0,1.0,0.0,1.0,0.0,1.0,0.0,0.88999265,0.99046344,0.9321794,0.9915713,0.93956274,0.029806376,0.6754115,0.009301981
161,1.0,0.0,1.0,1.0,1.0,0.0,0.0,0.0,0.9992092,0.51963645,0.9847052,0.9965423,0.9955668,0.83784235,0.018169116,0.038277097
162,0.0,0.0,0.0,0.0,0.0,0.0,0.0,0.0,8.619482e-05,0.00016219993,2.9829782e-05,7.4726127e-06,0.00031456,2.2632128e-05,0.0015553368,2.6735963e-05
163,0.0,0.0,0.0,0.0,0.0,0.0,0.0,0.0,0.00011016633,0.000268239,1.9693443e-05,1.581206e-05,0.0001363557,3.533387e-05,0.00062513514,2.805666e-05
164,1.0,1.0,1.0,1.0,1.0,1.0,1.0,0.0,0.9993236,0.99896884,0.9994715,0.9993586,0.9996171,0.98220634,0.9981628,0.0077885585
165,1.0,1.0,1.0,1.0,1.0,1.0,0.0,0.0,0.996624,0.9989975,0.99781287,0.99955267,0.9988865,0.99481624,0.86395776,0.22215417
166,0.0,0.0,0.0,0.0,0.0,0.0,0.0,0.0,0.001990131,0.005517303,0.000102828184,2.530539e-05,0.0020435678,0.0065470575,0.05949076,0.00018085109
167,1.0,1.0,1.0,1.0,1.0,1.0,1.0,1.0,0.9993529,0.99963355,0.99967396,0.9993957,0.99949956,0.9975528,0.6611733,0.89502555
168,0.0,0.0,0.0,0.0,0.0,0.0,0.0,0.0,5.9185284e-05,7.7472105e-05,1.009716e-05,1.085324e-05,0.00034514014,1.952058e-05,2.4121146e-05,0.00012044583
169,1.0,1.0,1.0,1.0,1.0,1.0,1.0,0.0,0.99772865,0.9997521,0.9998623,0.9518696,0.9987515,0.9989795,0.81520104,0.96730566
170,1.0,1.0,1.0,1.0,1.0,1.0,0.0,0.0,0.9928848,0.98382723,0.7190343,0.26701218,0.90709925,0.51995724,0.42794383,0.00032435203
171,1.0,1.0,1.0,1.0,1.0,1.0,1.0,1.0,0.99980015,0.9998529,0.9999521,0.999821,0.9997031,0.99917585,0.9978654,0.5829693
172,1.0,0.0,1.0,1.0,1.0,0.0,0.0,0.0,0.9693514,0.65956014,0.9973345,0.9989573,0.9846277,0.8647331,0.21654208,0.0056206067
173,0.0,0.0,0.0,0.0,0.0,0.0,0.0,0.0,6.0828297e-05,8.099814e-05,4.0829385e-05,5.16806e-06,0.00092791044,9.945044e-05,1.0928092e-05,2.4038314e-05
174,0.0,1.0,1.0,0.0,1.0,1.0,1.0,0.0,0.17392719,0.07404852,0.504915,0.0016936805,0.98438174,0.83592653,0.0037479838,7.802311e-05
175,0.0,0.0,0.0,0.0,0.0,0.0,0.0,0.0,3.396092e-05,5.5849814e-05,2.9237695e-05,1.1844121e-05,0.0064775017,2.5494202e-05,4.298219e-05,2.9682282e-05
176,0.0,0.0,0.0,0.0,0.0,0.0,0.0,0.0,0.00010589769,0.0003163829,9.7217046e-05,1.3885052e-05,0.0003796476,0.000114825474,0.00020037577,2.4262683e-05
177,1.0,1.0,1.0,1.0,1.0,1.0,1.0,1.0,0.9980782,0.9969312,0.9996339,0.9995815,0.9995276,0.9884743,0.73766893,0.16601172
178,0.0,0.0,0.0,0.0,0.0,0.0,0.0,0.0,0.000119668846,0.000105639905,2.0773776e-05,4.322315e-06,0.00032100413,4.13088e-05,1.9701258e-05,1.3873497e-05
179,1.0,1.0,1.0,1.0,1.0,0.0,1.0,1.0,0.9995364,0.9999486,0.9987048,0.99844676,0.9995677,0.99937457,0.9926399,0.9365846
180,1.0,1.0,1.0,1.0,1.0,1.0,1.0,1.0,0.9996196,0.9994624,0.9985201,0.99814713,0.9954705,0.99530655,0.98088074,0.9110258
181,1.0,1.0,1.0,1.0,1.0,1.0,0.0,1.0,0.9757996,0.9802609,0.99458534,0.1174579,0.971755,0.2972895,0.0016464571,0.1304702
182,1.0,1.0,1.0,1.0,1.0,1.0,0.0,1.0,0.9980058,0.99716055,0.9926434,0.9436372,0.9926306,0.7981733,0.4782007,0.9970251
183,0.0,0.0,0.0,0.0,0.0,0.0,0.0,0.0,9.803329e-05,0.023028413,0.16307963,0.0007344514,0.015807357,0.0001621942,0.004882905,0.00022974756
184,1.0,1.0,1.0,1.0,1.0,1.0,1.0,1.0,0.9997316,0.9994518,0.9980556,0.9996506,0.99468696,0.9967739,0.94740576,0.7835447
185,0.0,0.0,0.0,0.0,0.0,0.0,0.0,0.0,4.5228175e-05,6.376599e-05,7.0821654e-05,1.6159956e-05,0.0005022549,4.192653e-05,0.000108069136,3.676733e-05
186,0.0,0.0,0.0,0.0,0.0,0.0,0.0,0.0,0.00013337944,0.00036253684,9.2894195e-05,5.001025e-05,0.07479497,4.476471e-05,0.00027413535,1.5160114e-05
187,0.0,0.0,0.0,0.0,0.0,0.0,0.0,0.0,0.00020706412,5.7785404e-05,1.3272905e-05,1.4173403e-05,0.011106788,2.5661557e-05,0.00015966449,8.519931e-06
188,1.0,1.0,1.0,0.0,1.0,0.0,0.0,0.0,0.93637455,0.20946874,0.9756461,0.99700373,0.9841055,0.8283866,0.01869268,0.00085107924
189,0.0,0.0,0.0,0.0,0.0,0.0,0.0,0.0,0.00044978273,0.01650549,0.000861567,6.980957e-05,0.0010890311,0.00092318153,0.010414602,0.00026029983
190,0.0,0.0,0.0,0.0,0.0,0.0,0.0,0.0,8.4695384e-05,0.00023254644,0.00013256024,2.7945654e-05,0.00024435905,0.00032642053,0.006253133,6.966785e-05
191,0.0,1.0,0.0,0.0,0.0,0.0,0.0,0.0,0.5669487,0.99673814,0.7480817,0.004003266,0.9967924,0.28102675,0.20419262,0.0018171231
192,0.0,0.0,0.0,0.0,0.0,0.0,0.0,0.0,0.00040530442,0.000355224,8.491827e-05,2.9754638e-05,0.000576673,0.00019209704,0.006139346,0.00015829488
193,0.0,0.0,0.0,0.0,0.0,0.0,0.0,0.0,0.0002218921,0.00017133678,0.00031138558,4.5195622e-05,0.0022284565,0.00020782721,0.0015832018,0.0005098838
194,1.0,1.0,1.0,1.0,1.0,1.0,1.0,0.0,0.99952924,0.9996468,0.9999263,0.99988127,0.99994636,0.9991271,0.99846387,0.67464423
195,0.0,1.0,0.0,0.0,1.0,1.0,0.0,0.0,0.0036449789,0.111589245,0.0008993166,4.5948003e-05,0.0063411025,0.0052474765,0.011547025,0.00013856833
196,1.0,1.0,1.0,1.0,1.0,1.0,1.0,1.0,0.99970645,0.999731,0.99954957,0.9997979,0.99925536,0.9991868,0.9991359,0.99936765
197,1.0,1.0,1.0,1.0,1.0,1.0,1.0,0.0,0.99973506,0.9986802,0.998667,0.99872285,0.99981004,0.9992599,0.98937243,0.42549175
198,0.0,0.0,0.0,0.0,0.0,0.0,0.0,0.0,0.044094775,0.13971962,0.003950978,0.000627784,0.0022859885,0.00041165572,0.2826848,0.0031364441
199,1.0,1.0,1.0,1.0,1.0,1.0,0.0,1.0,0.9820018,0.9915093,0.99812645,0.9999201,0.9977857,0.9982741,0.17978832,0.18173613
200,0.0,0.0,0.0,0.0,0.0,0.0,0.0,0.0,0.00041192997,0.00029659068,0.00039785643,0.00034413967,0.004836127,0.00085705175,0.002679962,0.0004899106
201,1.0,1.0,1.0,1.0,1.0,1.0,1.0,1.0,0.9998229,0.99861574,0.9973869,0.99994504,0.9989642,0.99781716,0.88116753,0.9825209
202,0.0,0.0,0.0,0.0,0.0,0.0,0.0,0.0,4.459789e-05,8.164426e-05,1.8121833e-05,5.750251e-06,0.0010252363,3.7475354e-05,1.2899976e-05,2.0278922e-05
203,1.0,1.0,1.0,1.0,1.0,0.0,0.0,1.0,0.99705875,0.93233377,0.9995413,0.9994111,0.99430543,0.44014928,0.033585697,0.016940353
204,0.0,0.0,0.0,0.0,0.0,0.0,0.0,0.0,6.19735e-05,0.000101680336,2.2312239e-05,2.4007479e-05,0.009262862,0.00023384692,2.771111e-05,1.084726e-05
205,0.0,0.0,0.0,0.0,0.0,0.0,0.0,0.0,1.4856577e-05,0.0053740386,0.0009388233,4.571222e-05,0.0028189283,5.7948797e-05,0.00025789623,4.6101934e-05
206,0.0,0.0,0.0,0.0,0.0,0.0,0.0,0.0,9.4086216e-05,0.00051151257,5.0103332e-05,1.6229316e-05,0.0004884122,0.0002366506,0.00034565647,7.5932636e-05
207,0.0,0.0,0.0,0.0,0.0,0.0,0.0,0.0,0.001398029,0.0013162411,0.0011241582,0.00048668432,0.021813659,0.0019486406,0.0011610112,0.00026225307
208,0.0,0.0,0.0,0.0,1.0,0.0,0.0,0.0,0.0037286598,0.5247045,0.5519638,0.0005886576,0.6842588,0.004609861,0.3543156,0.0041617164
209,0.0,1.0,1.0,0.0,1.0,1.0,0.0,0.0,0.05446271,0.99404114,0.9985423,0.00118364,0.98997563,0.8621011,0.00018997176,0.0040402436
210,1.0,1.0,1.0,1.0,1.0,1.0,0.0,1.0,0.9991689,0.9826885,0.9994405,0.9997181,0.9985245,0.999635,0.5081743,0.49009243
211,1.0,1.0,1.0,1.0,1.0,1.0,0.0,1.0,0.99986756,0.9932041,0.99815315,0.99976367,0.9060755,0.09215969,0.9167566,0.9840844
212,1.0,1.0,1.0,1.0,1.0,1.0,0.0,1.0,0.9985184,0.99962425,0.99929583,0.9632938,0.9996061,0.99598205,0.9902976,0.8439598
213,0.0,0.0,0.0,0.0,0.0,0.0,0.0,0.0,2.0329559e-05,0.001186397,4.582347e-05,1.0141339e-05,0.0037933327,2.073012e-05,0.0014742399,0.0001063399
214,0.0,0.0,0.0,0.0,0.0,0.0,0.0,0.0,0.00019214633,0.0007003232,0.0003445617,2.8863036e-05,0.0002957749,0.00018291867,0.0003291549,2.7950799e-05
215,1.0,1.0,1.0,1.0,1.0,1.0,1.0,1.0,0.9992569,0.9987569,0.9956986,0.9750479,0.9975006,0.9991283,0.9931352,0.051168025
216,1.0,1.0,1.0,1.0,1.0,1.0,1.0,0.0,0.99392503,0.9954887,0.9930468,0.05420292,0.9998424,0.9952838,0.9450119,0.094803825
217,0.0,0.0,0.0,0.0,0.0,0.0,0.0,0.0,0.00011336391,0.0003036932,0.0001407676,2.6733644e-05,0.0001462768,0.00027419548,0.00052287854,3.1889285e-05
218,1.0,1.0,1.0,1.0,1.0,1.0,1.0,1.0,0.99646986,0.9993894,0.9927528,0.99846786,0.9982222,0.9413052,0.9963264,0.9913555
219,1.0,1.0,1.0,1.0,1.0,1.0,1.0,1.0,0.966295,0.9895846,0.97734845,0.99887997,0.9801682,0.9568148,0.8442549,0.027947852
220,0.0,0.0,0.0,0.0,0.0,0.0,0.0,0.0,9.528617e-05,7.538452e-05,2.0773776e-05,4.322315e-06,0.0005002846,4.13088e-05,1.6876147e-05,1.3873497e-05
221,1.0,0.0,0.0,0.0,0.0,0.0,0.0,0.0,0.278364,0.44072175,0.1530155,0.0037324012,0.12471589,0.02744794,0.9300341,0.7419911
222,1.0,1.0,1.0,1.0,1.0,1.0,1.0,0.0,0.9938543,0.9993425,0.99994695,0.999345,0.9997856,0.9997634,0.8528979,0.47352025
223,1.0,1.0,1.0,1.0,1.0,1.0,0.0,0.0,0.70223933,0.88913715,0.9932554,0.98029524,0.8982011,0.9941255,0.20826708,0.00968313
224,0.0,0.0,0.0,0.0,0.0,0.0,1.0,0.0,0.0029029783,0.00038168087,0.00027862273,0.0001805821,0.016669346,0.00014669025,0.08292678,0.00019799967
225,1.0,1.0,1.0,1.0,1.0,1.0,1.0,1.0,0.99935395,0.9999368,0.9994497,0.9990139,0.999843,0.9997805,0.9719508,0.9969195
226,0.0,0.0,0.0,0.0,1.0,0.0,0.0,0.0,0.017974658,0.16088662,0.9606106,0.009823068,0.922513,0.43762237,0.008640052,0.00018007556
227,1.0,1.0,1.0,1.0,1.0,1.0,1.0,1.0,0.9977737,0.9992632,0.9999043,0.9990004,0.99981815,0.99929416,0.99689305,0.28792855
228,0.0,0.0,0.0,0.0,0.0,0.0,0.0,0.0,0.0010506295,0.00028688827,9.5699485e-05,0.0001641781,0.057741098,0.0023055912,0.0011308371,0.00011161721
229,1.0,1.0,1.0,1.0,1.0,1.0,1.0,1.0,0.99925464,0.98914576,0.99974567,0.9998894,0.9997248,0.916223,0.9702086,0.4363525
230,0.0,1.0,1.0,1.0,1.0,1.0,1.0,0.0,0.75194436,0.9995363,0.99986243,0.9991848,0.9994221,0.99991024,0.9263878,0.002398694
231,0.0,0.0,0.0,0.0,0.0,0.0,0.0,0.0,0.003182597,0.0013896463,0.00014278092,1.5971538e-05,0.0012994058,0.00023731739,0.0024680828,1.9572324e-05
232,1.0,1.0,1.0,1.0,1.0,1.0,1.0,1.0,0.9994906,0.99757093,0.9974377,0.9934999,0.9933078,0.94435316,0.96123254,0.048695654
233,1.0,1.0,1.0,1.0,1.0,1.0,1.0,0.0,0.8694879,0.9984951,0.9959863,0.9966149,0.9966239,0.9954301,0.7371304,0.008855442
234,0.0,0.0,0.0,0.0,0.0,0.0,0.0,0.0,5.5679488e-05,5.0681338e-05,8.54276e-05,1.3178372e-05,0.007566116,5.5826808e-05,0.00021190211,8.62268e-05
235,0.0,0.0,0.0,0.0,0.0,0.0,0.0,0.0,0.00024257743,0.0008215858,3.264101e-05,1.4174971e-05,0.00029748867,0.00011250015,0.10525002,0.000117415075
236,0.0,0.0,0.0,0.0,0.0,0.0,0.0,0.0,0.00012023939,0.00024510457,0.0002557788,2.4195282e-05,0.00012437032,0.00043709017,0.0043450384,9.286293e-05
237,1.0,1.0,1.0,1.0,1.0,1.0,1.0,1.0,0.9994624,0.9996136,0.9999325,0.9994186,0.9997631,0.96335,0.96063405,0.9938373
238,1.0,0.0,1.0,1.0,1.0,0.0,0.0,0.0,0.9949286,0.9338407,0.55950814,0.26810038,0.9859146,0.98643076,0.56897515,0.077415764
239,1.0,1.0,1.0,1.0,1.0,0.0,0.0,1.0,0.96512634,0.9921719,0.9994615,0.9996891,0.99170625,0.764652,0.32959753,0.10217044
240,1.0,1.0,1.0,1.0,1.0,1.0,0.0,1.0,0.99988985,0.99992335,0.99969196,0.9998423,0.9999051,0.99773395,0.97244453,0.9992582
241,0.0,0.0,0.0,0.0,0.0,0.0,0.0,0.0,0.00034809514,0.00020691115,0.0012611342,6.361755e-05,0.008706967,0.0008934571,0.018982947,4.8203394e-05
242,0.0,0.0,0.0,0.0,0.0,0.0,0.0,0.0,0.00024024239,0.00021542645,8.139698e-05,4.4598914e-05,0.0005988988,0.00020356629,0.0027256927,0.00033471515
243,0.0,0.0,0.0,0.0,0.0,0.0,0.0,0.0,0.00016291976,0.0022951989,0.00033485817,4.0684605e-05,0.0074319206,0.0006011815,0.0002607258,3.956155e-05
244,1.0,1.0,1.0,1.0,1.0,1.0,0.0,0.0,0.9970481,0.99785304,0.9996735,0.999874,0.9989027,0.999689,0.9978714,0.025854943
245,1.0,1.0,1.0,1.0,1.0,1.0,0.0,0.0,0.9858679,0.94538784,0.99973494,0.025585135,0.998987,0.991165,0.080888666,0.22822498
246,0.0,0.0,0.0,0.0,0.0,0.0,0.0,0.0,0.00014597834,0.00024452966,6.0580303e-05,2.1946144e-05,0.00055255555,0.00013853016,4.88954e-05,8.924128e-05
247,0.0,0.0,0.0,0.0,0.0,0.0,1.0,0.0,0.02770157,0.003128747,9.325542e-05,2.752343e-05,0.0048322207,0.0005156256,0.015985623,6.40801e-05
248,1.0,1.0,1.0,1.0,1.0,0.0,1.0,0.0,0.9263947,0.93111515,0.99989057,0.998868,0.9732746,0.8300531,0.9844834,0.016383126
249,0.0,1.0,1.0,0.0,1.0,1.0,0.0,0.0,0.04281123,0.98607427,0.9960038,0.008398514,0.99925166,0.969758,0.003131885,0.00012200136
250,0.0,0.0,0.0,0.0,0.0,0.0,0.0,0.0,0.0018408168,0.053367544,0.0007320194,0.0024026348,0.9535658,0.00035466603,5.4886706e-05,5.594331e-05
251,0.0,1.0,1.0,1.0,1.0,1.0,0.0,0.0,0.2613689,0.9926052,0.97972006,0.84356403,0.9956383,0.998719,0.144798,0.0015803312
252,1.0,0.0,0.0,0.0,0.0,0.0,1.0,0.0,0.9826407,0.555906,0.6699402,0.040918633,0.8906094,0.7950354,0.8729122,0.044950236
253,0.0,0.0,0.0,0.0,0.0,0.0,0.0,0.0,0.00014482038,0.00084690575,0.0008336436,4.9020287e-05,0.005023876,0.00029949954,0.00019448111,1.7994395e-05
254,0.0,0.0,0.0,0.0,0.0,0.0,0.0,0.0,0.008328186,0.112126924,0.0062704016,8.31535e-05,0.024319716,0.00018739872,0.00028709378,0.014618624
255,0.0,0.0,0.0,0.0,0.0,0.0,0.0,0.0,4.2227115e-05,6.791135e-05,2.1358595e-05,5.499151e-06,0.00027273697,3.9130988e-05,1.1447404e-05,2.506215e-05
256,1.0,1.0,1.0,1.0,1.0,1.0,1.0,1.0,0.99992406,0.99584097,0.9993649,0.99836606,0.9973386,0.99954456,0.68684906,0.7044775
257,1.0,1.0,1.0,1.0,1.0,1.0,1.0,0.0,0.9800781,0.9975012,0.99630934,0.9908778,0.9989588,0.9734352,0.98770577,0.017726567
258,0.0,0.0,0.0,0.0,0.0,0.0,0.0,0.0,7.139198e-05,0.0003040588,8.1869344e-05,2.3898769e-05,0.00014881535,0.00015393052,0.0002479784,2.7389997e-05
259,0.0,0.0,0.0,0.0,0.0,0.0,0.0,0.0,0.000103420076,0.000116684336,4.9154914e-05,8.078855e-05,8.892518e-05,0.00012404058,0.006565291,2.4709117e-05
260,1.0,1.0,1.0,1.0,1.0,1.0,1.0,1.0,0.99435115,0.99912363,0.99335665,0.9838509,0.998857,0.7355165,0.988447,0.9176356
261,1.0,1.0,1.0,0.0,1.0,1.0,0.0,0.0,0.075723104,0.069649376,0.5619779,0.044138942,0.92270124,0.016286863,0.0015345359,0.00013088943
262,0.0,0.0,0.0,0.0,0.0,0.0,0.0,0.0,7.3788244e-05,7.0302725e-05,1.8121833e-05,5.750251e-06,0.0015983355,2.9037243e-05,5.203095e-05,2.0278922e-05
263,1.0,1.0,1.0,1.0,1.0,1.0,0.0,0.0,0.94351405,0.99916863,0.99876547,0.9979157,0.99202627,0.99733526,0.80652094,0.73284477
264,1.0,1.0,1.0,1.0,1.0,1.0,1.0,0.0,0.9989309,0.99618185,0.9993548,0.9993606,0.9996953,0.9979254,0.9274348,0.003357486
265,1.0,1.0,1.0,1.0,1.0,1.0,0.0,0.0,0.9402056,0.62943286,0.99409014,0.99627644,0.9989986,0.94677913,0.00046790883,0.00038525753
266,1.0,1.0,1.0,1.0,1.0,1.0,1.0,0.0,0.9986696,0.99854654,0.9995018,0.9982078,0.99866045,0.9970022,0.9913487,0.02875021
267,0.0,0.0,0.0,0.0,0.0,0.0,0.0,0.0,0.0002399862,2.590335e-05,1.4813441e-05,1.0079641e-05,0.0028498676,2.4039162e-05,7.321762e-05,2.368592e-05
268,0.0,0.0,0.0,0.0,0.0,0.0,0.0,0.0,0.000120972785,0.00039173057,0.0025416345,1.9402114e-05,0.007557145,9.792155e-05,0.00015461248,1.6149264e-05
269,0.0,0.0,0.0,0.0,0.0,0.0,0.0,0.0,0.00030734783,0.00033560485,0.0001378844,7.4909636e-05,0.0002276338,0.000931592,0.023065709,8.39757e-05
270,0.0,0.0,0.0,0.0,0.0,0.0,0.0,0.0,0.00017914527,0.000921885,0.0001800335,2.1489128e-05,0.0001657098,0.00032702327,0.0001685436,2.0288962e-05
271,1.0,0.0,0.0,0.0,0.0,0.0,0.0,0.0,0.062989324,0.024121968,0.008101221,0.007019638,0.7376145,0.018431809,0.0012362071,0.00010904104
272,1.0,1.0,1.0,0.0,1.0,1.0,0.0,1.0,0.99813277,0.997373,0.894554,0.9784461,0.9968913,0.9939924,0.13762341,0.08892289
273,0.0,0.0,0.0,0.0,0.0,0.0,0.0,0.0,9.260224e-05,0.000120707875,1.2518506e-05,1.7467275e-05,0.0003367832,2.6022144e-05,6.671022e-05,6.0998093e-05
274,0.0,0.0,1.0,0.0,0.0,0.0,0.0,0.0,0.11424596,0.6405533,0.9646056,0.9106311,0.91067255,0.041668072,0.027390243,0.00025698193
275,1.0,1.0,1.0,1.0,1.0,1.0,0.0,1.0,0.8776036,0.9835603,0.32312873,0.033163715,0.9809456,0.18175136,0.3332025,0.017904127
276,0.0,0.0,0.0,0.0,0.0,0.0,0.0,0.0,0.000105029896,0.00033832356,0.0002728202,1.1586683e-05,0.00826372,0.00022249058,0.00054513605,2.9521178e-05
277,0.0,0.0,0.0,0.0,0.0,0.0,0.0,0.0,0.000120825105,9.652922e-05,0.0007395162,1.6951957e-05,0.011027473,0.00010422298,0.00020144679,1.6826985e-05
278,0.0,1.0,1.0,1.0,1.0,1.0,0.0,0.0,0.020384165,0.96622777,0.982896,0.042850662,0.94387436,0.31901067,0.014496629,0.0041101067
279,0.0,0.0,0.0,0.0,0.0,0.0,0.0,0.0,0.00015502197,3.389172e-05,0.0005760235,7.546933e-05,0.008612949,0.00014316209,0.0001296872,4.5574154e-05
280,0.0,0.0,0.0,0.0,0.0,0.0,0.0,0.0,7.488121e-05,0.0002584624,1.2903446e-05,1.9559917e-05,6.673205e-05,2.7762131e-05,0.00019667298,1.781725e-05
281,1.0,1.0,1.0,1.0,1.0,0.0,0.0,1.0,0.994066,0.94994766,0.9892163,0.9820082,0.8423598,0.32390755,0.021574605,0.0063166777
282,0.0,0.0,0.0,0.0,0.0,0.0,0.0,0.0,0.00036663288,0.00011679777,0.0034701314,0.00010160493,0.0030820991,0.00086580316,0.0017781614,3.4911576e-05
283,0.0,0.0,0.0,0.0,0.0,0.0,0.0,0.0,0.00015291233,0.0019354738,4.23334e-05,5.4803495e-05,0.007783051,0.00012267739,0.0005175191,3.25722e-05
284,1.0,1.0,1.0,1.0,1.0,1.0,1.0,1.0,0.9672337,0.99962544,0.999699,0.99975306,0.9994165,0.9995994,0.9970727,0.6862174
285,0.0,0.0,0.0,0.0,0.0,0.0,0.0,0.0,4.735714e-05,0.007375119,0.00066848093,3.2850832e-05,0.003122047,0.00029559335,0.0006276721,4.735073e-05
286,0.0,0.0,0.0,0.0,0.0,0.0,0.0,0.0,8.513597e-05,0.00021530633,2.2087384e-05,1.1727108e-05,0.00024004364,0.00012161214,0.00017686906,6.349415e-05
287,1.0,1.0,1.0,1.0,1.0,1.0,0.0,0.0,0.989277,0.9205943,0.99994564,0.99987745,0.9957842,0.99828076,0.56209046,0.027500555
288,0.0,0.0,0.0,0.0,0.0,0.0,0.0,0.0,0.0023028497,0.0014634451,0.0070717996,0.0014489113,0.37042266,0.001195745,0.036047034,0.0008554506
289,0.0,1.0,0.0,0.0,0.0,0.0,0.0,0.0,0.0057386067,0.48679867,0.0022204977,0.00013669912,0.09623353,0.00075814896,0.00013918398,0.00033367492
290,1.0,1.0,1.0,1.0,1.0,1.0,0.0,0.0,0.99873,0.99981433,0.99944955,0.9783487,0.99985516,0.999047,0.9751736,0.004529954
291,1.0,1.0,1.0,1.0,1.0,1.0,1.0,1.0,0.99961084,0.9969021,0.99137574,0.96592736,0.9950782,0.9988759,0.983344,0.9733421
292,1.0,0.0,1.0,1.0,1.0,0.0,1.0,1.0,0.9990102,0.9979095,0.9921922,0.9997508,0.23559588,0.09487335,0.9862964,0.9922915
293,1.0,1.0,1.0,1.0,1.0,1.0,0.0,1.0,0.9994455,0.99321955,0.9946456,0.9967263,0.9975534,0.9955379,0.9695181,0.94987315
294,1.0,1.0,1.0,0.0,1.0,1.0,0.0,0.0,0.4720811,0.99824214,0.9976351,0.03151618,0.99905974,0.9890997,0.0059067723,0.0033600945
295,0.0,0.0,0.0,0.0,0.0,0.0,0.0,0.0,0.0002895275,0.0003628432,0.00043365257,3.5511857e-05,0.00014303219,0.00017964543,0.0026107957,3.4208577e-05
296,1.0,1.0,0.0,0.0,1.0,0.0,0.0,0.0,0.9660385,0.9849107,0.8759417,0.005704974,0.95758367,0.19196086,0.9591692,0.6993238
297,0.0,0.0,0.0,0.0,1.0,0.0,0.0,0.0,0.0004846104,0.14150447,0.00772123,5.8634636e-05,0.714158,0.00067629066,0.006666405,9.066111e-05
298,0.0,0.0,0.0,0.0,0.0,0.0,0.0,0.0,9.266982e-05,0.0013682995,0.0022016556,6.5213906e-05,0.003360725,0.0009218964,0.0012469984,2.1968086e-05
299,1.0,1.0,1.0,1.0,1.0,1.0,1.0,0.0,0.9957201,0.99828976,0.99794644,0.98744094,0.99863654,0.9825649,0.8804317,0.0038263227
300,1.0,1.0,1.0,0.0,1.0,1.0,0.0,0.0,0.2932439,0.9945675,0.89225227,0.2589469,0.98921597,0.9625181,0.0045599,0.042956226
301,0.0,0.0,0.0,0.0,0.0,0.0,0.0,0.0,0.00067362277,0.013757704,0.0009523256,0.0014414603,0.024908716,0.00061332836,0.02499934,0.0013252237
302,0.0,0.0,0.0,0.0,0.0,0.0,0.0,0.0,9.1738875e-05,0.00030331645,3.2156957e-05,1.8963794e-05,0.00014367273,8.1391e-05,0.00029499087,5.9960843e-05
303,1.0,1.0,1.0,1.0,1.0,1.0,1.0,0.0,0.9677165,0.9983633,0.9988281,0.090888835,0.99850416,0.9863473,0.045350917,0.018760545
304,1.0,1.0,1.0,1.0,1.0,1.0,1.0,1.0,0.9997193,0.9987251,0.99804246,0.9996692,0.9943796,0.9318208,0.9732512,0.9988262
305,1.0,1.0,1.0,1.0,1.0,1.0,0.0,1.0,0.92013896,0.967031,0.9167165,0.9452985,0.99866223,0.9843784,1.42730705e-05,0.9023141
306,0.0,0.0,0.0,0.0,0.0,0.0,0.0,0.0,0.00038225364,0.00029634873,0.0031502785,0.00016603436,0.36164066,0.0003353848,0.001086323,3.543169e-05
307,0.0,0.0,0.0,0.0,0.0,0.0,0.0,0.0,0.00022270196,0.017974885,0.00056195795,0.00010497543,0.004545833,0.00045927372,0.0015369122,0.0010072811
308,1.0,1.0,1.0,1.0,1.0,1.0,0.0,0.0,0.9992816,0.9993761,0.9997062,0.9997625,0.99947697,0.99974483,0.95869446,0.060031366
309,1.0,1.0,1.0,1.0,1.0,1.0,1.0,0.0,0.9978677,0.99693847,0.9646493,0.98381627,0.99662894,0.98617375,0.5176664,0.0007024475
310,0.0,0.0,0.0,0.0,0.0,0.0,0.0,0.0,0.00010518565,0.00013420421,9.850741e-06,1.4990328e-05,0.00020927221,2.2091936e-05,0.00025566274,2.237881e-05
311,1.0,1.0,1.0,1.0,1.0,1.0,1.0,1.0,0.9981111,0.9872967,0.99943453,0.98611903,0.99383587,0.99459803,0.80856174,0.032114074
312,1.0,1.0,1.0,1.0,1.0,1.0,1.0,0.0,0.99851424,0.9985936,0.999793,0.99878067,0.9996371,0.9998305,0.98163176,0.80370444
313,0.0,1.0,1.0,1.0,1.0,1.0,0.0,0.0,0.2967278,0.93019205,0.99585646,0.9933757,0.9998209,0.96622914,0.015938392,6.049948e-05
314,0.0,0.0,0.0,0.0,1.0,0.0,0.0,0.0,0.07696869,0.0037891439,0.082359694,8.834899e-05,0.9956714,0.07547721,0.00050395296,7.3538096e-05
315,1.0,1.0,1.0,1.0,1.0,0.0,1.0,0.0,0.9584288,0.98255324,0.9866117,0.9987637,0.9929148,0.4808355,0.9713831,0.0013662766
316,0.0,0.0,0.0,0.0,0.0,0.0,0.0,0.0,0.00072079885,0.0004884108,0.0004891071,0.00013470114,0.0004987441,0.0005903305,0.0022581439,0.00065219373
317,0.0,0.0,0.0,0.0,0.0,0.0,0.0,0.0,0.00028867056,0.0006947615,0.00022167599,4.6710065e-05,0.119152136,0.00034289,0.00052212726,5.2915882e-05
318,1.0,1.0,1.0,1.0,1.0,1.0,1.0,1.0,0.9998969,0.9999341,0.9997923,0.9998851,0.9999167,0.9988732,0.99956745,0.99985003
319,0.0,0.0,0.0,0.0,0.0,0.0,0.0,0.0,4.2609947e-05,0.00019964688,0.00027905524,4.7446778e-05,0.0008467803,0.00015738388,0.0001830085,3.649444e-05
320,1.0,1.0,1.0,1.0,1.0,1.0,1.0,1.0,0.9997272,0.9996588,0.99927336,0.9987733,0.999956,0.9981926,0.9389324,0.99652475
321,0.0,0.0,0.0,0.0,0.0,0.0,0.0,0.0,0.00024935612,0.00084047794,0.0012240577,4.9224574e-05,0.00025772714,0.0002711112,0.0009227313,1.9787289e-05
322,1.0,1.0,1.0,1.0,1.0,1.0,1.0,0.0,0.98663473,0.9935349,0.9997056,0.9944561,0.9995975,0.99743867,0.9970902,0.008857831
323,0.0,0.0,0.0,0.0,1.0,0.0,0.0,0.0,0.021178456,0.7258824,0.092867725,5.8476446e-05,0.9056863,0.0009613438,0.0009188705,5.5784716e-05
324,1.0,1.0,1.0,1.0,1.0,1.0,1.0,0.0,0.9971506,0.99405366,0.99965346,0.9993814,0.9994998,0.9931298,0.70175266,0.03297699
325,1.0,1.0,1.0,0.0,1.0,0.0,1.0,0.0,0.9803494,0.97481513,0.36548543,0.80043113,0.1337755,0.0006446725,0.9850728,0.16990833
326,1.0,1.0,1.0,1.0,1.0,1.0,0.0,1.0,0.9972161,0.99724436,0.9997323,0.99907434,0.99970394,0.9991246,0.030869685,0.7870213
327,0.0,0.0,0.0,0.0,0.0,0.0,0.0,0.0,0.00019462117,0.00013676834,3.2959877e-05,1.8185716e-05,6.382512e-05,4.388071e-05,0.0003011077,1.9255096e-05
328,1.0,1.0,1.0,1.0,1.0,0.0,1.0,0.0,0.79205024,0.9836736,0.9854601,0.9657208,0.9602682,0.010141727,0.780993,0.89605194
329,1.0,1.0,1.0,1.0,1.0,1.0,0.0,0.0,0.997519,0.99971265,0.99979204,0.99882835,0.9998448,0.99979514,0.98706764,0.004766085
330,1.0,1.0,1.0,1.0,1.0,1.0,1.0,1.0,0.99914753,0.999592,0.9991264,0.99521166,0.9954396,0.9979382,0.9994647,0.8331564
331,0.0,0.0,0.0,0.0,0.0,0.0,0.0,0.0,0.00015351395,0.00041476008,0.00028639965,9.619788e-06,0.0010451534,0.00040118262,0.00018875103,2.2199178e-05
332,0.0,0.0,0.0,0.0,0.0,0.0,0.0,0.0,9.338304e-05,0.00010313791,2.2534481e-05,6.6425023e-06,6.683095e-05,4.13088e-05,0.000316265,1.3873497e-05
333,1.0,1.0,1.0,1.0,1.0,1.0,1.0,1.0,0.9981742,0.9966679,0.98043203,0.9955641,0.9730008,0.9973117,0.9959858,0.61037624
334,0.0,1.0,1.0,1.0,1.0,1.0,0.0,0.0,0.68474025,0.9993511,0.9972307,0.9834169,0.99609727,0.99944,0.020882443,0.003503743
335,1.0,1.0,1.0,0.0,1.0,1.0,0.0,0.0,0.7394593,0.99252254,0.99883705,0.6795225,0.9774295,0.95242417,0.2554364,0.008538847
336,0.0,0.0,0.0,0.0,0.0,0.0,0.0,0.0,0.00034667985,0.00030126018,8.655171e-05,6.207962e-05,0.0002604582,0.0005354076,0.0011472753,0.00010894614
337,0.0,0.0,0.0,0.0,0.0,0.0,0.0,0.0,9.983974e-05,0.0044710366,0.00033911664,2.4921985e-05,0.07724974,2.06833e-05,0.00082218024,0.00026452192
338,0.0,0.0,0.0,0.0,0.0,0.0,0.0,0.0,0.00078387454,0.00013931516,2.7977705e-05,8.0589576e-05,0.0007166171,4.5075965e-05,0.00056386314,0.00039497003
